Time,Subtitle,Translation,Transliteration
49s,"(라디오 속 아나운서)
현재 개표 상황을 알려 드리겠습니다",We have an update on the ballot count.,"( ladi-o   sog   ana-unseo ) 
 hyeonjae   gaepyo   sanghwang-eul   allyeo   deuligess-seubnida"
51s,가장 치열한 격전지였던,"The results of the mayoral election
of Jungjin just came in,",gajang   chi-yeolhan   gyeogjeonji-yeossdeon
52s,"중진시 시장 선거 결과가
방금 나왔습니다","The results of the mayoral election
of Jungjin just came in, the city with the closest race.","jungjinsi   sijang   seongeo   gyeolgwaga 
 banggeum   na-wass-seubnida"
55s,불과 358표 차이로,Mayoral candidate Shin Myeong-hwi,bulgwa   358pyo   cha-ilo
57s,"신명휘 후보가
중진시 시장에 당선됐습니다
[라디오 속 '신명휘'를 연호하는 소리]","won the election for mayor of Jungjin
by a margin of 358 votes.","sinmyeonghwi   huboga 
 jungjinsi   sijang-e   dangseondwaess-seubnida 
 [ ladi-o   sog   ' sinmyeonghwi ' leul   yeonhohaneun   soli ]"
1:02,"[라디오 종료음]
(어린 소문)
엄마, 내가 우리 가족을 가지고","Shin Myeong-hwi! Mom, I made a storybook about our family.","[ ladi-o   jonglyo-eum ] 
 ( eolin   somun ) 
 eomma ,   naega   uli   gajog-eul   gajigo"
1:05,이야기책 만들었다?,"Mom, I made a storybook about our family.",i-yagichaeg   mandeul-eossda ?
1:08,그랬어? 이야기책?,Did you? A storybook?,geulaess-eo ?   i-yagichaeg ?
1:10,"응, 우리 가족이 여행을 떠나는 얘기야","Yes, it's a story about
our family going on a trip.","eung ,   uli   gajog-i   yeohaeng-eul   tteonaneun   yaegi-ya"
1:13,"- (문영) 음!
- (소권) 그래?","-Gosh.
-Really?","-   ( mun-yeong )   eum ! 
 -   ( sogwon )   geulae ?"
1:15,"그럼 엄마랑 아빠랑
소문이랑 셋이 가겠네?","Then it must be about Mom, Dad, and Mun,
taking a trip together.","geuleom   eommalang   a-ppalang 
 somun-ilang   ses-i   gagessne ?"
1:20,"(어린 소문)
아니? 할아버지랑 할머닌데?","No, it's with Grandpa and Grandma.","( eolin   somun ) 
 ani ?   hal-abeojilang   halmeoninde ?"
1:22,엄마랑 아빠는 맨날 바쁘잖아,You and Mom are always busy.,eommalang   a-ppaneun   maennal   ba-ppeujanh-a
1:26,그래서 이번 여행에도 못 갔어,That's why you couldn't go on this trip.,geulaeseo   ibeon   yeohaeng-edo   mos   gass-eo
1:28,"여보, 우리 같이 갈 수 있잖아
그렇지?","-Honey, we can certainly go, right?
-Of course.","yeobo ,   uli   gat-i   gal   su   issjanh-a 
 geuleohji ?"
1:31,"- 그럼!
- (어린 소문) 약속을 어긴 게","-Honey, we can certainly go, right?
-Of course. You always break your promises.","-   geuleom ! 
 -   ( eolin   somun )   yagsog-eul   eogin   ge"
1:33,한두 번도 아니고,You always break your promises.,handu   beondo   anigo
1:35,"아, 소문아, 그래도! 아, 그림책에는 좀
그려 넣어 주세요, 네? 어?","Mun, let us be a part of your storybook,
pretty please?","a ,   somun-a ,   geulaedo !   a ,   geulimchaeg-eneun   jom 
 geulyeo   neoh-eo   juse-yo ,   ne ?   eo ?"
1:40,"[문영의 콧소리]
(소권)
아, 꼭 참석할게요, 아, 진짜로","-Please.
-We'll be there!","[ mun-yeong-ui   kos-soli ] 
 ( sogwon ) 
 a ,   kkog   chamseoghalge-yo ,   a ,   jin-jjalo"
1:43,"(소권)
약속! 어?","Come on, seriously. I promise.","( sogwon ) 
 yagsog !   eo ?"
1:46,"(소권)
아, 아빠 팔 아파! 팔 아파, 어?",Ow! My arm hurts!,"( sogwon ) 
 a ,   a-ppa   pal   apa !   pal   apa ,   eo ?"
1:53,엄마는?,And Mom?,eommaneun ?
1:55,저도 꼭 참석하겠습니다!,"Yes, sir! I'll be there, too!",jeodo   kkog   chamseoghagess-seubnida !
1:57,"으음, 그려 주세요
[문영의 웃음]",Please draw me in.,"eu-eum ,   geulyeo   juse-yo 
 [ mun-yeong-ui   us-eum ]"
2:01,그럼 그려 볼까요?,"Then let me draw you two. -All right!
-All right!",geuleom   geulyeo   bolkka-yo ?
2:29,"[잔잔한 노래가 흘러나온다]
(어린 소문)
♪ 이유도 없이 ♪ (어린 소문과 문영)
♪ 가끔은 ♪","At times, things will feel unfair","[ janjanhan   nolaega   heulleona-onda ] 
 ( eolin   somun ) 
 ♪   i-yudo   eobs-i   ♪   ( eolin   somungwa   mun-yeong ) 
 ♪   ga-kkeum-eun   ♪"
2:34,"(다 같이)
♪ 눈물 나게 ♪ (다 같이)
♪ 억울하겠죠 ♪","And drive you to the brink of tears
For no reason","( da   gat-i ) 
 ♪   nunmul   nage   ♪   ( da   gat-i ) 
 ♪   eog-ulhagessjyo   ♪"
2:41,"(다 같이)
♪ 1등 아닌 ♪ ♪ 보통들에게 ♪","For ordinary people
Who never win first place","( da   gat-i ) 
 ♪   1deung   anin   ♪   ♪   botongdeul-ege   ♪"
2:53,"- (어린 소문) ♪ 약속은 ♪
- 여보세요?",But there is one promise…,"-   ( eolin   somun )   ♪   yagsog-eun   ♪ 
 -   yeobose-yo ?"
2:55,"(모탁)
소권아","-Hello?
-Gwon.","( motag ) 
 sogwon-a"
2:56,"[떨리는 목소리로]
너도 조심해","You better be careful, too.","[ tteollineun   mogsolilo ] 
 neodo   josimhae"
3:00,목소리가 왜 그래요? 무슨 일 있어요?,"Why do you sound like that?
Is something going on?",mogsoliga   wae   geulae-yo ?   museun   il   iss-eo-yo ?
3:03,"(모탁)
꼭 살아남아",Make sure you survive.,"( motag ) 
 kkog   sal-anam-a"
3:04,"(모탁)
꼭!",You have to!,"( motag ) 
 kkog !"
3:06,"지금 어디세요, 가 형사님?","Where are you, Detective Ga?","jigeum   eodise-yo ,   ga   hyeongsanim ?"
3:14,"여, 여, 어, 어… 어디냐고요",Hey… Where are you?,"yeo ,   yeo ,   eo ,   eo …   eodinyago-yo"
3:51,"[힘없는 목소리로]
(어린 소문)
엄마",Mom…,"[ him-eobsneun   mogsolilo ] 
 ( eolin   somun ) 
 eomma"
3:56,"발이 너무 아파, 엄마",My leg really hurts.,"bal-i   neomu   apa ,   eomma"
4:08,"(어린 소문)
아빠",Dad…,"( eolin   somun ) 
 a-ppa"
4:11,"(어린 소문)
아빠",Dad…,"( eolin   somun ) 
 a-ppa"
4:32,살려…,Help…,sallyeo …
4:34,주세요,me…,juse-yo
5:13,"[새소리]
자, 할머니, 씻자, 응?","Okay, Grandma. Let's wash up.","[ saesoli ] 
 ja ,   halmeoni ,   ssisja ,   eung ?"
5:15,"- 이, 이 잡놈
- (소문) 아, 아야, 아 내 딸 죽인 이…
[소문의 옅은 웃음] (외조모)
개놈의 새끼야!","You good-for-nothing.
You killed my daughter, you jerk.","-   i ,   i   jabnom 
 -   ( somun )   a ,   a-ya ,   a   nae   ttal   jug-in   i … 
 [ somun-ui   yeot-eun   us-eum ]   ( oejomo ) 
 gaenom-ui   sae-kki-ya !"
5:19,"이 개놈의 새끼, 이!
[소문의 신음]","-You jerk!
-My gosh!","i   gaenom-ui   sae-kki ,   i ! 
 [ somun-ui   sin-eum ]"
5:20,"아유, 우리 할머니, 오늘 아침부터 (소문)
파이팅도 넘치시네","Gosh, Grandma.
You're very energetic this morning.","a-yu ,   uli   halmeoni ,   oneul   achimbuteo   ( somun ) 
 pa-itingdo   neomchisine"
5:23,"- 자, 자
- (외조모) 근데 이놈의 새끼는 왜 안 죽은 거야?",Why hasn't this jerk died yet?,"-   ja ,   ja 
 -   ( oejomo )   geunde   inom-ui   sae-kkineun   wae   an   jug-eun   geo-ya ?"
5:26,"(소권)
할머니, 할머니!","Grandma, wait!","( sogwon ) 
 halmeoni ,   halmeoni !"
5:27,"- (외조모) 이야, 죽어! 야!
- (소문) 아! (외조모)
야!
[소문의 힘겨운 소리] (외조모)
야, 너 때문이야!",Die! Take this. It's your fault!,"-   ( oejomo )   i-ya ,   jug-eo !   ya ! 
 -   ( somun )   a !   ( oejomo ) 
 ya ! 
 [ somun-ui   himgyeo-un   soli ]   ( oejomo ) 
 ya ,   neo   ttaemun-i-ya !"
5:31,"(외조모)
너 때문이야, 너!
[소문의 옅은 한숨] 너 때문이야","It's all your fault!
It's all because of you!","( oejomo ) 
 neo   ttaemun-i-ya ,   neo ! 
 [ somun-ui   yeot-eun   hansum ]   neo   ttaemun-i-ya"
5:35,"아유, 우리 할머니
오늘 엄청 예쁘시다, 응?","Grandma,
you look unbelievably pretty today.","a-yu ,   uli   halmeoni 
 oneul   eomcheong   ye-ppeusida ,   eung ?"
5:40,"[소문의 힘주는 소리]
나 예뻐?",I look pretty?,"[ somun-ui   himjuneun   soli ] 
 na   ye-ppeo ?"
5:43,"(소문)
그럼 세상에서 제일 예쁘지","Of course.
You're the prettiest in the world.","( somun ) 
 geuleom   sesang-eseo   je-il   ye-ppeuji"
6:01,"(소문)
할아버지, 할머니 속옷요","Grandpa! Grandma needs
another pair of underwear.","( somun ) 
 hal-abeoji ,   halmeoni   sog-os-yo"
6:05,"실, 실수했냐?",Did she make a mistake?,"sil ,   silsuhaessnya ?"
6:07,"큰 거, 작은 거?",Number two or number one?,"keun   geo ,   jag-eun   geo ?"
6:10,작은 거요,Number one.,jag-eun   geo-yo
6:12,"(소문)
괜찮아, 괜찮아",It's all right.,"( somun ) 
 gwaenchanh-a ,   gwaenchanh-a"
6:13,"자, 할머니, 일로 와 부끄러워하지 말고, 자!","Come here, Grandma. Don't be embarrassed.","ja ,   halmeoni ,   illo   wa   bu-kkeuleo-wohaji   malgo ,   ja !"
6:15,"(외조모)
으악! - 으악!
- (소문) 자!
[따스한 음악]","-Gosh!
-Come here.","( oejomo ) 
 eu-ag !   -   eu-ag ! 
 -   ( somun )   ja ! 
 [ ttaseuhan   eum-ag ]"
6:18,"- 아, 아
- (외조모) 안 돼, 안 돼 - 자, 작은 거
- (소문) 아유!","-Stop it, you jerk.
-Yes, right. Number one.","-   a ,   a 
 -   ( oejomo )   an   dwae ,   an   dwae   -   ja ,   jag-eun   geo 
 -   ( somun )   a-yu !"
6:20,"- (외조모) 이야!
- (소문) 아유, 좀!",Come on! Let me wash your face!,"-   ( oejomo )   i-ya ! 
 -   ( somun )   a-yu ,   jom !"
6:21,"(소문)
씻자, 나 진짜, 아이고","Come on! Let me wash your face! Gosh, seriously!","( somun ) 
 ssisja ,   na   jin-jja ,   a-igo"
6:23,"- 아이고, 진짜
- (외조모) 아유, 이놈","Gosh, seriously! You little jerk!","-   a-igo ,   jin-jja 
 -   ( oejomo )   a-yu ,   inom"
7:31,"(웅민과 주연)
소문아!","-Hey, Mun!
-Hey, Mun!","( ungmingwa   ju-yeon ) 
 somun-a !"
7:33,"어, 나가!","Hey, I'm coming!","eo ,   naga !"
7:55,"[웃음]
자 또 한 숟갈","Okay, one more bite.","[ us-eum ] 
 ja   tto   han   sudgal"
7:58,"[외조부의 웃음]
(외조부)
옳지",That's it.,"[ oejobu-ui   us-eum ] 
 ( oejobu ) 
 olhji"
7:59,"(소문)
다녀오겠습니다",I'm going to school.,"( somun ) 
 danyeo-ogess-seubnida"
8:00,"(외조부)
오냐, 다녀오너라","All right, have a good day.","( oejobu ) 
 onya ,   danyeo-oneola"
8:05,조심해,Be careful.,josimhae
8:07,걱정 마세요,Don't worry.,geogjeong   mase-yo
8:25,"아이고
[외조모의 기침] - (외조부) 아이고, 아이고
- (외조모) 아이고","Oh, dear. My goodness.","a-igo 
 [ oejomo-ui   gichim ]   -   ( oejobu )   a-igo ,   a-igo 
 -   ( oejomo )   a-igo"
8:27,"(외조부)
어","-Gosh.
-Here.","( oejobu ) 
 eo"
8:28,"(외조부)
아, 괜, 괜찮아?",Are you all right?,"( oejobu ) 
 a ,   gwaen ,   gwaenchanh-a ?"
8:36,"(외조부)
아이고? 가만있어 봐, 오늘이 (외조부)
12일이잖아?",Wait a second. Today is the 12th.,"( oejobu ) 
 a-igo ?   gaman-iss-eo   bwa ,   oneul-i   ( oejobu ) 
 12il-ijanh-a ?"
8:41,"(웅민)
가자!
[소문의 환호성]",Let's go!,"( ungmin ) 
 gaja ! 
 [ somun-ui   hwanhoseong ]"
8:43,"[웅민의 환호성]
(소문)
오, 빠른데!",You're fast!,"[ ungmin-ui   hwanhoseong ] 
 ( somun ) 
 o ,   ppaleunde !"
8:54,"(주연)
같이 가
[웅민의 환호성]",Wait up. Wait for me.,"( ju-yeon ) 
 gat-i   ga 
 [ ungmin-ui   hwanhoseong ]"
8:56,"같이 가
[웅민이 말한다]",Wait up. Wait for me. Catch up already.,"gat-i   ga 
 [ ungmin-i   malhanda ]"
9:10,"(주연)
소문, 주인공 캐릭터 다 됐니?","Mun, are you done
making the lead character?","( ju-yeon ) 
 somun ,   ju-ingong   kaeligteo   da   dwaessni ?"
9:13,"(소문)
끝냈지
[익살스러운 음악] - 완전히 멋있지?
- (주연과 웅민) 오!","-Of course I am. He's totally awesome.
-Nice.","( somun ) 
 kkeutnaessji 
 [ igsalseuleo-un   eum-ag ]   -   wanjeonhi   meos-issji ? 
 -   ( ju-yeongwa   ungmin )   o !"
9:16,"야, 이왕이면 흙수저면 좋겠다 - (소문) 흙수저?
- 어, 막","-I want him to be from a dirt-poor family.
-A dirt-poor family?","ya ,   i-wang-imyeon   heulgsujeomyeon   johgessda   -   ( somun )   heulgsujeo ? 
 -   eo ,   mag"
9:19,"반지하에 살고 (소문)
반지하까지?","-One who lives in a semi-basement.
-A semi-basement?","banjiha-e   salgo   ( somun ) 
 banjiha-kkaji ?"
9:22,"(주연)
그러니까 막, 수도 틀면 녹물 나오고","Like a place where rusty water comes out
when he turns on the tap.","( ju-yeon ) 
 geuleoni-kka   mag ,   sudo   teulmyeon   nogmul   na-ogo"
9:25,"알바도 하자, 피시방 알바","He's a part-timer
at an Internet cafe, too.","albado   haja ,   pisibang   alba"
9:27,"그리고 막 히어로 옷도
대출받아서 제작하고","And he has to take out a loan
to make his hero costume.","geuligo   mag   hi-eolo   osdo 
 daechulbad-aseo   jejaghago"
9:31,"(소문)
아, 맞는다 우리, 빌런을 깰 때마다
강해지는 걸로 하자","Oh, right. Let's say he gets stronger
whenever he defeats a villain.","( somun ) 
 a ,   majneunda   uli ,   billeon-eul   kkael   ttaemada 
 ganghaejineun   geollo   haja"
9:35,"- (웅민) 게임처럼?
- 어","-Like in games?
-Yes.","-   ( ungmin )   ge-imcheoleom ? 
 -   eo"
9:37,"(소문)
빌런 능력치 흡수해서
자기화시키는 거야","He can absorb the villain's power
and make it his.","( somun ) 
 billeon   neunglyeogchi   heubsuhaeseo 
 jagihwasikineun   geo-ya"
9:39,"(웅민)
자기화…",And make it his?,"( ungmin ) 
 jagihwa …"
9:40,"야, 그 성격 되게 삐딱한 애면 어떨까?","What if he had
an awful and sarcastic personality?","ya ,   geu   seonggyeog   doege   ppi-ttaghan   aemyeon   eo-tteolkka ?"
9:43,"어… 분노 조절도 안 되고, 심술도 부리고","Like a guy with anger management issues
who can also be mean.","eo …   bunno   jojeoldo   an   doego ,   simsuldo   buligo"
9:46,혈액형은 B형으로 여자 친구는?,"-His blood type should be B.
-Any girlfriends?",hyeol-aeghyeong-eun   Bhyeong-eulo   yeoja   chinguneun ?
9:49,"(소문과 주연)
짝사랑이지!","-He only has crushes!
-He only has crushes!","( somungwa   ju-yeon ) 
 jjagsalang-iji !"
9:50,"- (주연) 찌찌뽕
- (소문) 뽕찌찌","-Jinx.
-I jinx you back.","-   ( ju-yeon )   jji-jji-ppong 
 -   ( somun )   ppongjji-jji"
10:00,"(웅민)
여기야",This is it.,"( ungmin ) 
 yeogi-ya"
10:01,최종 빌런 아지트!,The hideout for the last villain.,choejong   billeon   ajiteu !
10:03,이 이미지 어때?,What do you think?,i   imiji   eo-ttae ?
10:05,"우리나라에서 제일로
높은 빌딩이 될 거래
[주연의 놀란 숨소리]","I heard it'll become
the tallest building in Korea.","ulinala-eseo   je-illo 
 nop-eun   bilding-i   doel   geolae 
 [ ju-yeon-ui   nollan   sumsoli ]"
10:07,"(소문)
북한에서도 보인대",It can even be seen from North Korea.,"( somun ) 
 bughan-eseodo   bo-indae"
10:09,어? 겁나 높다,What? That's awfully tall.,eo ?   geobna   nopda
10:18,안녕하세요?,Hello.,annyeonghase-yo ?
10:22,"(소문)
나 잠깐만 세워줘 봐","-Can you stop for a second?
-Sure.","( somun ) 
 na   jamkkanman   se-wojwo   bwa"
10:27,"(여자1)
안녕하세요?","-Hello.
-Where are you going?","( yeoja1 ) 
 annyeonghase-yo ?"
10:28,"(여자1)
감사합니다",Thank you.,"( yeoja1 ) 
 gamsahabnida"
10:31,"- (여자1) 안녕하세요?
- (소문) 저",Hello. MISSING PERSON,"-   ( yeoja1 )   annyeonghase-yo ? 
 -   ( somun )   jeo"
10:32,"(여자1)
아",MISSING PERSON,"( yeoja1 ) 
 a"
10:34,감사합니다,Thank you.,gamsahabnida
10:35,감사합니다,Thank you.,gamsahabnida
10:38,"- (웅민) 아, 네, 예
- (여자1) 감사합니다","-Oh, hello.
-Thank you.","-   ( ungmin )   a ,   ne ,   ye 
 -   ( yeoja1 )   gamsahabnida"
10:40,"(여자1)
감사합니다",Thank you.,"( yeoja1 ) 
 gamsahabnida"
10:42,"(웅민)
야, 지난번에도 받지 않았냐?",Didn't you take this last time?,"( ungmin ) 
 ya ,   jinanbeon-edo   badji   anh-assnya ?"
10:44,사람들이 잘 안 받아 줘서 나라도 받아 주려고,"Not a lot of people took one,
so I thought I would.",salamdeul-i   jal   an   bad-a   jwoseo   nalado   bad-a   julyeogo
10:48,누구라도 관심 갖고 있다고 생각하면 덜 외로울 것 같아서,"She'll feel less lonely
if she knows that someone out there cares.",nugulado   gwansim   gajgo   issdago   saenggaghamyeon   deol   oelo-ul   geos   gat-aseo
10:50,"(주연)
그래도 1년째 실종인데 돌아가시지 않았을까?","But they've been missing for a year.
Maybe they already passed.","( ju-yeon ) 
 geulaedo   1nyeon-jjae   siljong-inde   dol-agasiji   anh-ass-eulkka ?"
10:54,"- (웅민) 야, 무슨 말을!
- (소문) 야, 너 진짜","-Hey, come on.
-Hey, don't be so harsh.","-   ( ungmin )   ya ,   museun   mal-eul ! 
 -   ( somun )   ya ,   neo   jin-jja"
10:58,"(웅민)
아, 너희들, 언니네 국숫집 가 봤어? (주연)
놉","-Have you been to Eonni's Noodles?
-Nope.","( ungmin ) 
 a ,   neohuideul ,   eonnine   gugsusjib   ga   bwass-eo ?   ( ju-yeon ) 
 nob"
11:01,"- (웅민) 아직도 안 가 봤어?
- (소문) 응","-You still haven't been there?
-No.","-   ( ungmin )   ajigdo   an   ga   bwass-eo ? 
 -   ( somun )   eung"
11:04,"(웅민)
원래 태신이 - 여기 국숫집 자리에다
- (손님1) 잘 먹었습니다 (웅민)
빌딩 올리려 그랬는데","Taesin wanted to build a building
right where this noodle place sits,","( ungmin ) 
 wonlae   taesin-i   -   yeogi   gugsusjib   jali-eda 
 -   ( sonnim1 )   jal   meog-eoss-seubnida   ( ungmin ) 
 bilding   ollilyeo   geulaessneunde"
11:07,"- (하나) 다음 두 분 들어오세요
- 국숫집 주인이 절대로 (웅민)
안 판다 그랬다더라","but the owner there
flat out refused to sell it.","-   ( hana )   da-eum   du   bun   deul-eo-ose-yo 
 -   gugsusjib   ju-in-i   jeoldaelo   ( ungmin ) 
 an   panda   geulaessdadeola"
11:10,"(주연)
야, 줄 대박이다, 진짜",That's a long line.,"( ju-yeon ) 
 ya ,   jul   daebag-ida ,   jin-jja"
11:12,"아니, 그냥 평범한 국숫집 같은데","It looks like
an ordinary noodle place to me.","ani ,   geunyang   pyeongbeomhan   gugsusjib   gat-eunde"
11:14,"(웅민)
아니야, 아니야, 아니야",No way.,"( ungmin ) 
 ani-ya ,   ani-ya ,   ani-ya"
11:15,무슨 비밀 레시피가 있는 게 확실해,I'm sure they have a secret recipe.,museun   bimil   lesipiga   issneun   ge   hwagsilhae
11:18,"안 먹어 본 사람은 있어도
한 번만 먹은 사람은 없다니까?","There are folks who haven't tried it,
but no one eats it just once.","an   meog-eo   bon   salam-eun   iss-eodo 
 han   beonman   meog-eun   salam-eun   eobsdani-kka ?"
11:21,"(주연)
그럼 우린 왜 여태까지 모른 거야!",Why are we just hearing about it?,"( ju-yeon ) 
 geuleom   ulin   wae   yeotae-kkaji   moleun   geo-ya !"
11:23,"(웅민)
심지어 홍보도 안 해!",They don't even advertise.,"( ungmin ) 
 simji-eo   hongbodo   an   hae !"
11:25,"맛집 블로그에 SNS, 아무것도 없다고","Not on blogs, social media, nothing.","masjib   beullogeu-e   SNS ,   amugeosdo   eobsdago"
11:27,"아는 사람만 아는
[손님이 말한다] 진정한 맛집이라고나 할까?","It's a real hidden gem
that only those in the know know about.","aneun   salamman   aneun 
 [ sonnim-i   malhanda ]   jinjeonghan   masjib-ilagona   halkka ?"
11:31,"(주연)
하, 희한한 집이구먼",What a strange place.,"( ju-yeon ) 
 ha ,   huihanhan   jib-igumeon"
11:32,"(손님2)
아가씨, 김치 좀 더 주세요","Miss, more kimchi, please.","( sonnim2 ) 
 aga-ssi ,   gimchi   jom   deo   juse-yo"
11:34,"(하나)
김치 셀프",Kimchi? Get it yourself.,"( hana ) 
 gimchi   selpeu"
11:35,"(손님2)
셀프야?",It's self-serve.,"( sonnim2 ) 
 selpeu-ya ?"
11:37,"(웅민)
더 골 때리는 건 여기 주인들이야",What's even more bizarre are the owners.,"( ungmin ) 
 deo   gol   ttaelineun   geon   yeogi   ju-indeul-i-ya"
11:39,"- 언뜻 보면 가족처럼 보이는데
- (손님3) 아가씨 - (웅민) 또 가족이라기엔 뭔가
- (손님4) 계산요 (웅민)
이상하다
[하나가 대답한다] 이 말이지
[소란스럽다]","At first glance, they look like a family,
but then they seem too odd to be a family.","-   eontteus   bomyeon   gajogcheoleom   bo-ineunde 
 -   ( sonnim3 )   aga-ssi   -   ( ungmin )   tto   gajog-ilagi-en   mwonga 
 -   ( sonnim4 )   gyesan-yo   ( ungmin ) 
 isanghada 
 [ hanaga   daedabhanda ]   i   mal-iji 
 [ solanseuleobda ]"
11:45,"(손님4)
잔치국수 두 개요","Two banquet noodles, please.","( sonnim4 ) 
 janchigugsu   du   gae-yo"
11:50,"- (손님5) 잘 먹겠습니다
- (손님6) 여기요, 국수 언제 나와요? 금방 나와요!","-Miss! When are my noodles coming out?
-You'll have it soon.","-   ( sonnim5 )   jal   meoggess-seubnida 
 -   ( sonnim6 )   yeogi-yo ,   gugsu   eonje   na-wa-yo ?   geumbang   na-wa-yo !"
11:55,"잔치, 두 개",Two banquet noodles.,"janchi ,   du   gae"
12:40,못 쓰겠다,I can't use that.,mos   sseugessda
12:43,아껴 써라!,Use it as long as you can.,a-kkyeo   sseola !
12:54,"(배달원)
안에 넣어 드리면 되죠?",Should I take these inside?,"( baedal-won ) 
 an-e   neoh-eo   deulimyeon   doejyo ?"
12:56,"(하나)
아니에요, 제가 천천히 나를게요","It's fine.
I'll take my time to take it in.","( hana ) 
 ani-e-yo ,   jega   cheoncheonhi   naleulge-yo"
13:11,"(검은 사내)
잘 가라",Goodbye.,"( geom-eun   sanae ) 
 jal   gala"
13:14,"[기괴한 목소리]
잘 가라",Goodbye.,"[ gigoehan   mogsoli ] 
 jal   gala"
13:22,"밟았어요
[긴장감 흐르는 음악]",We stepped on one.,"balb-ass-eo-yo 
 [ ginjanggam   heuleuneun   eum-ag ]"
13:26,몇 단계? 2단계 같아요,"-What's the level?
-I think it's level two.",myeoch   dangye ?   2dangye   gat-a-yo
13:28,'같아'?,You think?,' gat-a ' ?
13:29,3단계일 수도 있어요,It might be a level three.,3dangye-il   sudo   iss-eo-yo
13:31,"(검은 사내)
잘 가라 [기괴한 목소리]
잘 가라","-Goodbye.
-Goodbye.","( geom-eun   sanae ) 
 jal   gala   [ gigoehan   mogsoli ] 
 jal   gala"
13:32,"3단계는 두 개의 목소리가
나온다면서요","I heard ones that are in level three
speak in two voices.","3dangyeneun   du   gae-ui   mogsoliga 
 na-ondamyeonseo-yo"
13:35,"(하나)
저도 처음 들어서 잘 모르겠는데 목소리 두 개였어요","I'm not sure because it was a first,
but that thing had two voices.","( hana ) 
 jeodo   cheo-eum   deul-eoseo   jal   moleugessneunde   mogsoli   du   gae-yeoss-eo-yo"
13:38,"철중이, 언제 오냐?",When will Cheol-jung get here?,"cheoljung-i ,   eonje   onya ?"
13:40,일단 출동합시다,Let's get moving.,ildan   chuldonghabsida
13:46,"(매옥)
어, 드시고 알아서들 가세요 - 응
- (손님7) 네","-You can all leave after you eat.
-Sure.","( mae-og ) 
 eo ,   deusigo   al-aseodeul   gase-yo   -   eung 
 -   ( sonnim7 )   ne"
13:49,"(웅민)
영업시간도 점심시간 딱 세 시간만","It's only open for three hours
during lunch.","( ungmin ) 
 yeong-eobsigando   jeomsimsigan   ttag   se   siganman"
13:51,완전히 배짱 장사지,They know they're too good.,wanjeonhi   bae-jjang   jangsaji
13:52,"- (하나) 끝났어, 다음에 와
- (웅민) 예?","-We're done. Come later.
-What?","-   ( hana )   kkeutnass-eo ,   da-eum-e   wa 
 -   ( ungmin )   ye ?"
13:53,"(웅민)
저희 한 시간을 기다렸는데?
[팻말 뒤집는 소리]",But we waited for an hour.,"( ungmin ) 
 jeohui   han   sigan-eul   gidalyeossneunde ? 
 [ paesmal   dwijibneun   soli ]"
13:58,"(주연)
아, 잠깐만, 잠깐만
이런 게 어디 있어요? 완전 배짱 장사네?","Wait, you can't do this.
You think you're too good.","( ju-yeon ) 
 a ,   jamkkanman ,   jamkkanman 
 ileon   ge   eodi   iss-eo-yo ?   wanjeon   bae-jjang   jangsane ?"
14:01,"(웅민)
아, 배고파 죽겠다","Gosh, I'm starving to death.","( ungmin ) 
 a ,   baegopa   juggessda"
14:02,"[타이어 마찰음]
- (매옥) 가자, 하나야
- (주연) 아니","Let's go, Ha-na.","[ ta-i-eo   machal-eum ] 
 -   ( mae-og )   gaja ,   hana-ya 
 -   ( ju-yeon )   ani"
14:04,"(주연)
아, 저희까지만 받아 주시면 안 돼요?","Can you let us in as the last table?
It's his…","( ju-yeon ) 
 a ,   jeohui-kkajiman   bad-a   jusimyeon   an   dwae-yo ?"
14:05,"- 얘 생일이라
- (매옥) 급한 일이 생겨 가지고 - 다음에 오면 곱빼기로 줄게
- (주연) 아니","We have an emergency,
so I'll give you twice as much later.","-   yae   saeng-il-ila 
 -   ( mae-og )   geubhan   il-i   saenggyeo   gajigo   -   da-eum-e   omyeon   gobppaegilo   julge 
 -   ( ju-yeon )   ani"
14:08,"(주연)
생일날 국수 먹어야 오래 산다는데",Noodles on birthdays mean longevity.,"( ju-yeon ) 
 saeng-ilnal   gugsu   meog-eo-ya   olae   sandaneunde"
14:10,"- (매옥) 어, 미안해, 미안해, 어
- (주연) 잠깐만","-Wait!
-I'm sorry.","-   ( mae-og )   eo ,   mi-anhae ,   mi-anhae ,   eo 
 -   ( ju-yeon )   jamkkanman"
14:11,"- (주연) 잠깐만
- (웅민) 너무 배고파요","-One second.
-We're starving.","-   ( ju-yeon )   jamkkanman 
 -   ( ungmin )   neomu   baegopa-yo"
14:18,"(소문)
진짜
[새소리] 예쁘다",She's really pretty.,"( somun ) 
 jin-jja 
 [ saesoli ]   ye-ppeuda"
14:21,"(웅민)
완전 예쁘다
[웅민의 옅은 웃음]",She's totally pretty.,"( ungmin ) 
 wanjeon   ye-ppeuda 
 [ ungmin-ui   yeot-eun   us-eum ]"
14:22,"(주연)
야!",Hey!,"( ju-yeon ) 
 ya !"
14:36,왜?,What's up?,wae ?
14:38,"형, 어디야?",Where are you?,"hyeong ,   eodi-ya ?"
14:39,"(모탁)
밟았어",We stepped on one.,"( motag ) 
 balb-ass-eo"
14:41,밟았다고?,We stepped on one?,balb-assdago ?
14:42,"(하나)
호랑이가 그려진 검은 후드를 입었어요",He was in a black hoodie with a tiger.,"( hana ) 
 holang-iga   geulyeojin   geom-eun   hudeuleul   ib-eoss-eo-yo"
14:44,어디니? 중진 피시방 근처요,"-Where is he?
-Near Jungjin Internet Cafe.",eodini ?   jungjin   pisibang   geuncheo-yo
14:47,"철중이 형, 들었지?","Cheol-jung, did you hear that?","cheoljung-i   hyeong ,   deul-eossji ?"
14:48,"(철중)
오케이 내가 지금 갈게","Okay, I'll head over right now.","( cheoljung ) 
 oke-i   naega   jigeum   galge"
15:03,"(매옥)
말한 대로 흩어져",Go over there. Let's split up.,"( mae-og ) 
 malhan   daelo   heut-eojyeo"
15:13,악귀 새끼가 눈치도 없이 지금 밟혀?,"Why'd that evil spirit have to get spotted
now? How tactless.",aggwi   sae-kkiga   nunchido   eobs-i   jigeum   balbhyeo ?
15:15,우리 추 여사 국수 먹어야 되는데,"I was about to try
my dear Ms. Chu's noodles.",uli   chu   yeosa   gugsu   meog-eo-ya   doeneunde
15:18,"(모탁)
조카 결혼식에서 영혼 털렸어요?","Did you get nagged
at your niece's wedding?","( motag ) 
 joka   gyeolhonsig-eseo   yeonghon   teollyeoss-eo-yo ?"
15:20,사흘 내리 탈탈 털렸다,All throughout the three days.,saheul   naeli   taltal   teollyeossda
15:23,"(하나)
조카도 탈탈 털렸을걸요 [가쁜 숨소리]
쉰 살 노총각 삼촌","I'm sure your niece also feels burdened
about having a 50-year-old single uncle.","( hana ) 
 jokado   taltal   teollyeoss-eulgeol-yo   [ ga-ppeun   sumsoli ] 
 swin   sal   nochonggag   samchon"
15:27,"야, 하나, 너","-Ha-na, you…
-Let's get this over with and go.","ya ,   hana ,   neo"
15:28,"(매옥)
빨리 끝내고 가자, 특급으로 말아 줄게","-Ha-na, you…
-Let's get this over with and go. I'll make you an extra-special bowl.","( mae-og ) 
 ppalli   kkeutnaego   gaja ,   teuggeub-eulo   mal-a   julge"
15:31,"난 버섯 빼고 (매옥)
콜","-Leave the mushrooms out of mine.
-Sure.","nan   beoseos   ppaego   ( mae-og ) 
 kol"
15:38,북쪽에 우리 땅 열렸다,Our territory opened up in the north.,bugjjog-e   uli   ttang   yeollyeossda
15:41,"[긴장되는 음악]
땅은 떴는데 범위가 좁아","It opened up, but it's too confined.","[ ginjangdoeneun   eum-ag ] 
 ttang-eun   tteossneunde   beom-wiga   job-a"
15:43,"(모탁)
누구든 찾으면 그쪽으로 유인합시다","Whoever's the first to find him,
lure him there.","( motag ) 
 nugudeun   chaj-eumyeon   geu-jjog-eulo   yu-inhabsida"
15:45,철중이 형은 진 치고 있어요,"Cheol-jung, take up your position.",cheoljung-i   hyeong-eun   jin   chigo   iss-eo-yo
15:48,"(모탁)
형 지금 걷는 거야? 안 뛰고?","Cheol-jung, are you walking right now
instead of running?","( motag ) 
 hyeong   jigeum   geodneun   geo-ya ?   an   ttwigo ?"
15:52,"알았어, 빨리 갈게","Okay, fine. I'll be there soon.","al-ass-eo ,   ppalli   galge"
16:17,"(하나)
찾았어요",Found him.,"( hana ) 
 chaj-ass-eo-yo"
16:19,"(하나)
아까 차 댔던 골목 쪽으로 가고 있어요","He's headed toward the alley
where we parked.","( hana ) 
 a-kka   cha   daessdeon   golmog   jjog-eulo   gago   iss-eo-yo"
16:22,"(매옥)
어, 오케이!","Right, okay.","( mae-og ) 
 eo ,   oke-i !"
16:46,"눈치챘어요
[긴장감 넘치는 음악]",Darn it. He's on to us.,"nunchichaess-eo-yo 
 [ ginjanggam   neomchineun   eum-ag ]"
16:51,"(하나)
선배, 건물 우측으로 가 보세요!","Everyone, block off the exits!","( hana ) 
 seonbae ,   geonmul   ucheug-eulo   ga   bose-yo !"
16:53,"(모탁)
오케이 난 건물 뒤쪽 출구 맡을게","Okay, I'll cover the back exit.","( motag ) 
 oke-i   nan   geonmul   dwi-jjog   chulgu   mat-eulge"
16:57,"- 추 여사는 앞쪽 출입구 막아
- (매옥) 알았어!","Ms. Chu, block the front entrance. All right. Be careful, everyone.","-   chu   yeosaneun   apjjog   chul-ibgu   mag-a 
 -   ( mae-og )   al-ass-eo !"
16:59,"(매옥)
다들 조심해","All right. Be careful, everyone.","( mae-og ) 
 dadeul   josimhae"
17:39,"(하나)
저 새끼가, 씨",That bastard.,"( hana ) 
 jeo   sae-kkiga ,   ssi"
17:42,"하, 저 새끼, 3단계 맞아요",He's definitely a level three.,"ha ,   jeo   sae-kki ,   3dangye   maj-a-yo"
17:44,"(하나)
옥상에서 뛰어내렸어요",He jumped off the rooftop.,"( hana ) 
 ogsang-eseo   ttwi-eonaelyeoss-eo-yo"
17:45,"(매옥)
어?",What?,"( mae-og ) 
 eo ?"
17:46,"(모탁)
뭐?",What?,"( motag ) 
 mwo ?"
17:48,"(모탁)
옥상에서 뛰어?",He jumped off the rooftop?,"( motag ) 
 ogsang-eseo   ttwi-eo ?"
18:56,"(시민)
어, 괜찮으세요?",Are you all right?,"( simin ) 
 eo ,   gwaenchanh-euse-yo ?"
18:59,"- (시민) 괜찮으세요?
- (매옥) 괜찮아요, 괜찮아","-Are you okay?
-I'm fine.","-   ( simin )   gwaenchanh-euse-yo ? 
 -   ( mae-og )   gwaenchanh-a-yo ,   gwaenchanh-a"
19:00,"- (매옥) 멀쩡해, 멀쩡해
- (시민) 아","-I'm fine. I'm totally fine.
-But…","-   ( mae-og )   meoljjeonghae ,   meoljjeonghae 
 -   ( simin )   a"
19:25,"(철중)
모탁이, 한 방 먹었냐?
[모탁의 거친 숨소리]","Mo-tak, did you take a blow?","( cheoljung ) 
 motag-i ,   han   bang   meog-eossnya ? 
 [ motag-ui   geochin   sumsoli ]"
19:26,"(매옥)
괜찮니, 모탁아?","Are you okay, Mo-tak?","( mae-og ) 
 gwaenchanhni ,   motag-a ?"
19:28,"(모탁)
형, 지금 어디야?",Where are you right now?,"( motag ) 
 hyeong ,   jigeum   eodi-ya ?"
19:29,"(철중)
조금 있으면 땅으로 들어가",I'll be in our territory soon.,"( cheoljung ) 
 jogeum   iss-eumyeon   ttang-eulo   deul-eoga"
19:31,"(모탁)
길목 잘 지키고 있어",Keep the streets guarded.,"( motag ) 
 gilmog   jal   jikigo   iss-eo"
19:32,"이 새끼, 그쪽으로 유인할 테니까",I'll lure this thing that way.,"i   sae-kki ,   geu-jjog-eulo   yu-inhal   teni-kka"
19:51,"(검은 사내)
너희들 뭐야?",Who are you people?,"( geom-eun   sanae ) 
 neohuideul   mwo-ya ?"
19:53,경찰은 아닌 거 같고,You can't be the police.,gyeongchal-eun   anin   geo   gatgo
20:04,"[옅은 웃음]
제법인데?",Not bad.,"[ yeot-eun   us-eum ] 
 jebeob-inde ?"
20:36,"[힘겨운 목소리로]
(검은 사내)
너희들 도대체 뭐야!",Who in the world are you?,"[ himgyeo-un   mogsolilo ] 
 ( geom-eun   sanae ) 
 neohuideul   dodaeche   mwo-ya !"
20:39,우리?,Are you talking to us?,uli ?
20:41,"저승사자다, 이 새끼야","We're Grim Reapers, you jerk.","jeoseungsajada ,   i   sae-kki-ya"
21:12,"(모탁)
3단계다",He's a level three.,"( motag ) 
 3dangyeda"
21:14,긴장 타자,Stay focused.,ginjang   taja
22:39,"(매옥)
어유, 이거 왜 이렇게 안 뜯어져
[철커덩거리는 소리]",Darn it. Why can't I pull this out?,"( mae-og ) 
 eo-yu ,   igeo   wae   ileohge   an   tteud-eojyeo 
 [ cheolkeodeonggeolineun   soli ]"
22:45,"씨 씨
[다급한 숨소리]",Darn it. Man.,"ssi   ssi 
 [ dageubhan   sumsoli ]"
22:49,"(매옥)
괜찮아?",Are you okay?,"( mae-og ) 
 gwaenchanh-a ?"
22:51,뭐였어요?,What was that?,mwo-yeoss-eo-yo ?
22:53,"- (모탁) 저 자식, 염력을 써요
- (철중) 염력?","That jerk uses psychokinesis. Psychokinesis? Ms. Chu, stay out of this.
Things could get bad.","-   ( motag )   jeo   jasig ,   yeomlyeog-eul   sseo-yo 
 -   ( cheoljung )   yeomlyeog ?"
22:55,"(철중)
추 여사는 손도 대지 마
[하나의 신음]","Psychokinesis? Ms. Chu, stay out of this.
Things could get bad.","( cheoljung ) 
 chu   yeosaneun   sondo   daeji   ma 
 [ hana-ui   sin-eum ]"
22:57,"큰일 나, 한 방에 끝이라고, 알았어?","Psychokinesis? Ms. Chu, stay out of this.
Things could get bad. You'll be finished in an instant. Okay?","keun-il   na ,   han   bang-e   kkeut-ilago ,   al-ass-eo ?"
22:59,너 국수 먹이기 전에는 안 죽는다,"I'm not going to die
before I make noodles for you.",neo   gugsu   meog-igi   jeon-eneun   an   jugneunda
23:01,걱정하지 마,Don't worry.,geogjeonghaji   ma
23:12,이쪽으로 오고 있어,He's coming this way.,i-jjog-eulo   ogo   iss-eo
23:16,"(모탁)
형, 기다려, 형 혼자서는 안 돼","Wait for us.
Don't take him on by yourself.","( motag ) 
 hyeong ,   gidalyeo ,   hyeong   honjaseoneun   an   dwae"
23:18,"들어와라, 들어와",Get in here. Get in.,"deul-eo-wala ,   deul-eo-wa"
23:36,땅에서는 해 볼 만해,I can fight against him in our territory.,ttang-eseoneun   hae   bol   manhae
23:39,올 때까지 버텨 볼게,I'll hold out until you get here.,ol   ttae-kkaji   beotyeo   bolge
24:09,잘하면,I think I might be able…,jalhamyeon
24:11,끝낼 수 있겠어,to put an end to this.,kkeutnael   su   issgess-eo
24:39,"(모탁)
형 조금만 버텨!","Cheol-jung, hold out just a little more.","( motag ) 
 hyeong   jogeumman   beotyeo !"
24:41,"(모탁)
우리 금방 가니까
[긴장되는 음악]",We'll be there soon.,"( motag ) 
 uli   geumbang   gani-kka 
 [ ginjangdoeneun   eum-ag ]"
24:56,"(검은 사내)
뭐야?",What is this?,"( geom-eun   sanae ) 
 mwo-ya ?"
24:58,갑자기 시시한데?,It suddenly got boring.,gabjagi   sisihande ?
25:03,어?,Look!,eo ?
25:05,땅이 없어졌어요!,Our territory is gone!,ttang-i   eobs-eojyeoss-eo-yo !
25:19,너희들 뭐야?,Who are you people?,neohuideul   mwo-ya ?
25:20,"(검은 사내)
왜 날 쫓아오는 거야?",Why are you following me?,"( geom-eun   sanae ) 
 wae   nal   jjoch-a-oneun   geo-ya ?"
25:51,"[철중의 신음]
(모탁)
형! 정신 차려!",Cheol-jung! Hang in there!,"[ cheoljung-ui   sin-eum ] 
 ( motag ) 
 hyeong !   jeongsin   chalyeo !"
26:05,"(매옥)
철중아! 조금만 조금만 참아","Cheol-jung! Just a bit more!
Hang in there just a bit longer!","( mae-og ) 
 cheoljung-a !   jogeumman   jogeumman   cham-a"
26:08,죽지만 마라!,Please don't die!,jugjiman   mala !
26:22,"(하나)
아, 제발
[울먹이는 숨소리]","No, please.","( hana ) 
 a ,   jebal 
 [ ulmeog-ineun   sumsoli ]"
26:48,"[기괴한 목소리로]
(검은 사내)
내가 먹은 거 중에 제일 맛있다","That was the most delicious thing
I've ever had.","[ gigoehan   mogsolilo ] 
 ( geom-eun   sanae ) 
 naega   meog-eun   geo   jung-e   je-il   mas-issda"
27:18,"(위겐)
없어
[목소리가 울린다]",It's gone.,"( wigen ) 
 eobs-eo 
 [ mogsoliga   ullinda ]"
27:19,우리 땅이 없어,Our territory is gone.,uli   ttang-i   eobs-eo
27:27,"[어두운 음악]
- (매옥) 철중아!
- (모탁) 철중이 형!","-Cheol-jung!
-Cheol-jung!","[ eodu-un   eum-ag ] 
 -   ( mae-og )   cheoljung-a ! 
 -   ( motag )   cheoljung-i   hyeong !"
27:29,"(매옥)
철중아! 철중아, 아니야","-Cheol-jung!
-Cheol-jung! Hey! Cheol-jung!","( mae-og ) 
 cheoljung-a !   cheoljung-a ,   ani-ya"
27:31,"(모탁)
철중이 형!",Cheol-jung!,"( motag ) 
 cheoljung-i   hyeong !"
27:32,"- (모탁) 철중이 형!
- (매옥) 철중아! (모탁)
형, 일어나!","-Cheol-jung!
-Cheol-jung, wake up!","-   ( motag )   cheoljung-i   hyeong ! 
 -   ( mae-og )   cheoljung-a !   ( motag ) 
 hyeong ,   il-eona !"
27:34,"(모탁)
형!",Cheol-jung!,"( motag ) 
 hyeong !"
27:36,"- (매옥) 안 돼! 안 돼, 철중아!
- (모탁) 형!","No! -No, Cheol-jung!
-No!","-   ( mae-og )   an   dwae !   an   dwae ,   cheoljung-a ! 
 -   ( motag )   hyeong !"
27:41,"(매옥)
안 돼
[하나가 흐느낀다]",No!,"( mae-og ) 
 an   dwae 
 [ hanaga   heuneu-kkinda ]"
27:50,"(매옥)
안 돼
[하나의 울음]",No!,"( mae-og ) 
 an   dwae 
 [ hana-ui   ul-eum ]"
28:07,"(위겐)
코마
[목소리가 울린다]",Coma.,"( wigen ) 
 koma 
 [ mogsoliga   ullinda ]"
28:08,코마에 빠진 사람을 찾아야 해,I must find someone who's in a coma.,koma-e   ppajin   salam-eul   chaj-a-ya   hae
28:18,"(주연)
봐 봐",Let me see.,"( ju-yeon ) 
 bwa   bwa"
28:21,"으, 많이 아파?","Gosh, does it hurt a lot?","eu ,   manh-i   apa ?"
28:25,고2씩이나 돼서 애들 푼돈이나 뜯고,"They bully kids for a few coins
as second years in high school.",go2ssig-ina   dwaeseo   aedeul   pundon-ina   tteudgo
28:27,"한가하다, 개자식들",How pathetic is that? Those jerks.,"hangahada ,   gaejasigdeul"
28:29,푼돈? 달에 몇백은 될걸?,"A few coins? They probably take
a few million won a month.",pundon ?   dal-e   myeochbaeg-eun   doelgeol ?
28:32,"미친, 겁나 범죄적이네","That's insane.
Isn't that totally criminal?","michin ,   geobna   beomjoejeog-ine"
28:35,걔네는 준조폭이야,They're almost like gangsters.,gyaeneneun   junjopog-i-ya
28:37,신고를 해,Report them to the police.,singoleul   hae
28:38,뭔 신고?,Report what?,mwon   singo ?
28:40,"(웅민과 주연)
아니야, 아니야, 아니야","-Nothing.
-Nothing.","( ungmingwa   ju-yeon ) 
 ani-ya ,   ani-ya ,   ani-ya"
28:41,"(주연)
그, 있어, 아니야, 아니야
[웅민의 웃음]",It's nothing.,"( ju-yeon ) 
 geu ,   iss-eo ,   ani-ya ,   ani-ya 
 [ ungmin-ui   us-eum ]"
28:43,"- 많이 담아
- (주연) 응, 알았어
[웅민이 대답한다]","-Pile up a lot.
-Okay.","-   manh-i   dam-a 
 -   ( ju-yeon )   eung ,   al-ass-eo 
 [ ungmin-i   daedabhanda ]"
28:55,"(주연)
잘 먹겠습니다 (웅민)
잘 먹겠습니다!","-Let's eat!
-Let's eat!","( ju-yeon ) 
 jal   meoggess-seubnida   ( ungmin ) 
 jal   meoggess-seubnida !"
28:58,"(주연)
저녁 너무 맛있어",It's so good.,"( ju-yeon ) 
 jeonyeog   neomu   mas-iss-eo"
29:00,"(소문)
음, 아!
[소문의 탄성]","Yes, this one.","( somun ) 
 eum ,   a ! 
 [ somun-ui   tanseong ]"
29:02,"(주연)
야, 다 튀어, 다 튀어, 다 튀어","-Gosh.
-You're splattering that everywhere.","( ju-yeon ) 
 ya ,   da   twi-eo ,   da   twi-eo ,   da   twi-eo"
29:03,"(소문)
야, 오늘 내가 살게, 맘껏 먹어",It's my treat. Eat as much as you want.,"( somun ) 
 ya ,   oneul   naega   salge ,   mamkkeos   meog-eo"
29:05,"- (주연) 사랑해요!
- (웅민) 앗싸!","-I love you!
-I love you!","-   ( ju-yeon )   salanghae-yo ! 
 -   ( ungmin )   as-ssa !"
29:07,"- (소문) 음, 맛있게 잘 먹었다
- (웅민) 아유",That was delicious.,"-   ( somun )   eum ,   mas-issge   jal   meog-eossda 
 -   ( ungmin )   a-yu"
29:09,"(웅민)
배불러",I'm so full.,"( ungmin ) 
 baebulleo"
29:10,"(주연)
진짜 잘 먹었다
[소문의 웃음]",We had so much food today.,"( ju-yeon ) 
 jin-jja   jal   meog-eossda 
 [ somun-ui   us-eum ]"
29:11,"내일 먹을 거까지 다 먹었다, 야
[소문의 웃음]",It's enough to cover for tomorrow.,"nae-il   meog-eul   geo-kkaji   da   meog-eossda ,   ya 
 [ somun-ui   us-eum ]"
29:34,"[소문의 신음]
(웅민과 주연)
소문아","-Mun!
-Hey!","[ somun-ui   sin-eum ] 
 ( ungmingwa   ju-yeon ) 
 somun-a"
29:36,"(위겐)
어, 말도 안 돼
[목소리가 울린다] 어떻게 들어온 거지?
[주연이 말한다]","I can't believe this.
How did I get in here?","( wigen ) 
 eo ,   maldo   an   dwae 
 [ mogsoliga   ullinda ]   eo-tteohge   deul-eo-on   geoji ? 
 [ ju-yeon-i   malhanda ]"
29:38,"(웅민)
소문아, 괜찮아?","-Wake up.
-Are you okay?","( ungmin ) 
 somun-a ,   gwaenchanh-a ?"
29:39,"- (웅민) 야, 정신 좀 차려 봐!
- (주연) 일어나, 일어나, 일어나","-Wake up.
-Open your eyes.","-   ( ungmin )   ya ,   jeongsin   jom   chalyeo   bwa ! 
 -   ( ju-yeon )   il-eona ,   il-eona ,   il-eona"
29:41,"- (웅민) 소문아!
- (주연) 에잇, 야!
[소문의 옅은 신음]","-Mun!
-Hey!","-   ( ungmin )   somun-a ! 
 -   ( ju-yeon )   e-is ,   ya ! 
 [ somun-ui   yeot-eun   sin-eum ]"
29:45,"(웅민)
소문아",Mun.,"( ungmin ) 
 somun-a"
29:46,"- (소문) 아!
- (웅민) 괜찮아?",Are you okay?,"-   ( somun )   a ! 
 -   ( ungmin )   gwaenchanh-a ?"
29:48,"어, 몰라",No idea.,"eo ,   molla"
29:50,방금 몸에서 짜르르했어,It felt like something zapped my body.,banggeum   mom-eseo   jjaleuleuhaess-eo
29:52,"(주연)
일어나, 일어나, 일어나
아이고, 아이고","-Get up.
-Stand up.","( ju-yeon ) 
 il-eona ,   il-eona ,   il-eona 
 a-igo ,   a-igo"
29:56,"(주연)
짜르르?","""Zapped""?","( ju-yeon ) 
 jjaleuleu ?"
29:57,"[소문이 힘겹게 말한다]
- (소문) 어
- (웅민) 번개 맞았나? (주연)
번개?","-Were you struck by lightning?
-Lightning?","[ somun-i   himgyeobge   malhanda ] 
 -   ( somun )   eo 
 -   ( ungmin )   beongae   maj-assna ?   ( ju-yeon ) 
 beongae ?"
30:00,이 맑은 날에?,On this sunny day?,i   malg-eun   nal-e ?
30:02,마른하늘에 날벼락인가?,I guess it was out of the blue.,maleunhaneul-e   nalbyeolag-inga ?
30:03,"- (주연) 으악!
- (소문) 왜?","-My gosh!
-What?","-   ( ju-yeon )   eu-ag ! 
 -   ( somun )   wae ?"
30:05,"- (주연) 어머
- 왜?","Oh, my gosh.","-   ( ju-yeon )   eomeo 
 -   wae ?"
30:06,"- (웅민) 뭐야?
- (주연) 어, 뭐야? 어?","-What?
-My goodness.","-   ( ungmin )   mwo-ya ? 
 -   ( ju-yeon )   eo ,   mwo-ya ?   eo ?"
30:08,"왜, 왜?",What's wrong?,"wae ,   wae ?"
30:09,"(주연)
뭐야, 뭐야, 뭐야, 뭐야?","-What is this?
-No…","( ju-yeon ) 
 mwo-ya ,   mwo-ya ,   mwo-ya ,   mwo-ya ?"
30:10,"(웅민)
대, 대박! - (웅민) 대, 대, 대, 대박! 대박!
- (주연) 뭐야, 헐, 헐!","-No way.
-My gosh!","( ungmin ) 
 dae ,   daebag !   -   ( ungmin )   dae ,   dae ,   dae ,   daebag !   daebag ! 
 -   ( ju-yeon )   mwo-ya ,   heol ,   heol !"
30:13,"왜, 왜, 왜, 내 머리, 왜!",What? What about my hair?,"wae ,   wae ,   wae ,   nae   meoli ,   wae !"
30:15,"- (주연) 팝콘!
- (웅민) 팝콘!","-Popcorn!
-Popcorn.","-   ( ju-yeon )   pabkon ! 
 -   ( ungmin )   pabkon !"
30:17,어?,What?,eo ?
30:24,"(소문)
뭐야, 이거?
[주연의 놀라는 소리]",What's going on?,"( somun ) 
 mwo-ya ,   igeo ? 
 [ ju-yeon-ui   nollaneun   soli ]"
30:26,이거 뭐야?,What is this?,igeo   mwo-ya ?
30:27,"이거 뭐야?
[주연과 웅민의 놀라는 소리]","-What happened?
-My gosh!","igeo   mwo-ya ? 
 [ ju-yeongwa   ungmin-ui   nollaneun   soli ]"
30:48,"(소문)
어?",Hey.,"( somun ) 
 eo ?"
30:49,"오는 거 어떻게 알고?
[외조부의 웃음]",How did you know I was here?,"oneun   geo   eo-tteohge   algo ? 
 [ oejobu-ui   us-eum ]"
30:52,"(외조부)
새끼가 내는 기척은 저 동구 밖부터 들려","I can hear my grandkid come
all the way from the outskirts of town.","( oejobu ) 
 sae-kkiga   naeneun   gicheog-eun   jeo   donggu   bakkbuteo   deullyeo"
30:55,"[외조부의 웃음]
네 생일, 안 떼먹었다?",I didn't forget your birthday.,"[ oejobu-ui   us-eum ] 
 ne   saeng-il ,   an   ttemeog-eossda ?"
31:07,♪ 생일 축하를 합니다 ♪,Happy birthday to you,♪   saeng-il   chughaleul   habnida   ♪
31:10,"(외조부)
♪ 생일 축하를 합니다 ♪
[개 짖는 소리]",Happy birthday to you,"( oejobu ) 
 ♪   saeng-il   chughaleul   habnida   ♪ 
 [ gae   jijneun   soli ]"
31:13,♪ 우리 소문이 생일을 ♪,"Happy birthday, dear Mun",♪   uli   somun-i   saeng-il-eul   ♪
31:16,♪ 맘껏 축하합니다 ♪,Happy birthday to you,♪   mamkkeos   chughahabnida   ♪
31:21,고맙습니다,Thank you.,gomabseubnida
31:25,"- (외조모) 후!
- (외조부) 아이고
[외조모의 해맑은 웃음]",Goodness.,"-   ( oejomo )   hu ! 
 -   ( oejobu )   a-igo 
 [ oejomo-ui   haemalg-eun   us-eum ]"
31:27,"- 할머니도, 진짜
- (외조모) 아, 아!","Come on, Grandma.","-   halmeonido ,   jin-jja 
 -   ( oejomo )   a ,   a !"
31:30,"- (외조부) 에이
- (외조모) 내 이…","-Goodness.
-No.","-   ( oejobu )   e-i 
 -   ( oejomo )   nae   i …"
31:32,"(외조모)
누구세요?",Who are you?,"( oejomo ) 
 nuguse-yo ?"
31:33,"- 누구신데 우리 소문이
- (외조부) 자, 여기 놔 케이크를 뺏어요!",Why are you taking Mun's cake?,"-   nugusinde   uli   somun-i 
 -   ( oejobu )   ja ,   yeogi   nwa   ke-ikeuleul   ppaes-eo-yo !"
31:37,"[소문의 옅은 웃음]
(외조부)
놔, 놔",Let it go.,"[ somun-ui   yeot-eun   us-eum ] 
 ( oejobu ) 
 nwa ,   nwa"
31:38,소문이가 누군데?,Who's Mun?,somun-iga   nugunde ?
31:40,"(외조모)
내 손주",He's my grandson.,"( oejomo ) 
 nae   sonju"
31:41,"내 기쁨, 내 행복",My delight and my happiness.,"nae   gi-ppeum ,   nae   haengbog"
31:43,"아유, 나를 아주
[부스럭거리는 소리] 들었다 놨다 해요, 할머니, 어?","Gosh, you put me down,
then you raise me up again, Grandma.","a-yu ,   naleul   aju 
 [ buseuleoggeolineun   soli ]   deul-eossda   nwassda   hae-yo ,   halmeoni ,   eo ?"
31:47,"그 손주가 나야, 어?","I'm that grandson you're talking about,
okay?","geu   sonjuga   na-ya ,   eo ?"
31:51,"- (외조모) 이 사람이 미쳤나!
- (외조부) 아이고!
[따뜻한 음악]",Have you gone insane?,"-   ( oejomo )   i   salam-i   michyeossna ! 
 -   ( oejobu )   a-igo ! 
 [ tta-tteushan   eum-ag ]"
31:53,"(외조부)
아이고!
[외조모의 식식대는 숨소리]",Goodness.,"( oejobu ) 
 a-igo ! 
 [ oejomo-ui   sigsigdaeneun   sumsoli ]"
31:55,"(외조부)
저런, 저런
[외조모의 웃음]","Oh, no.","( oejobu ) 
 jeoleon ,   jeoleon 
 [ oejomo-ui   us-eum ]"
31:56,"- (소문) 아
- (외조부) 에헤, 참
[외조모의 해맑은 웃음]",My gosh.,"-   ( somun )   a 
 -   ( oejobu )   ehe ,   cham 
 [ oejomo-ui   haemalg-eun   us-eum ]"
31:58,"(소문)
아, 씨!",Come on.,"( somun ) 
 a ,   ssi !"
32:00,"(소문)
아, 진짜
[외조모의 웃음]","Come on, seriously.","( somun ) 
 a ,   jin-jja 
 [ oejomo-ui   us-eum ]"
32:02,어? 아!,What? Hey!,eo ?   a !
32:04,"(소문)
어?",No.,"( somun ) 
 eo ?"
32:06,"아, 할머니, 이거 엄마 거란 말이야! 아, 이!
[외조부와 외조모의 웃음]","Grandma, this is Mom's. My gosh.","a ,   halmeoni ,   igeo   eomma   geolan   mal-i-ya !   a ,   i ! 
 [ oejobu-wa   oejomo-ui   us-eum ]"
32:10,"(소문)
아, 먹지 마!",Stop eating that.,"( somun ) 
 a ,   meogji   ma !"
32:27,"감아도, 감아도 이 모양이네?","It's still like this
even after I washed my hair.","gam-ado ,   gam-ado   i   mo-yang-ine ?"
32:33,응?,Wait.,eung ?
32:34,뭐야?,What?,mwo-ya ?
32:37,"(소문)
뭐야, 이거?",What are these?,"( somun ) 
 mwo-ya ,   igeo ?"
32:39,"아, 참",My gosh.,"a ,   cham"
32:45,"(소문)
뭐야? 비누가 왜 부서져?","Wait, why is this soap
breaking into pieces?","( somun ) 
 mwo-ya ?   binuga   wae   buseojyeo ?"
32:50,아이참,My goodness.,a-icham
32:57,"어, 어?",What?,"eo ,   eo ?"
33:00,아이,My gosh.,a-i
33:02,"다 부서지고, 참",Everything is broken.,"da   buseojigo ,   cham"
33:20,이것도 번개 맞았을 때 생긴 건가?,"Did I get these
when I was struck by lightning?",igeosdo   beongae   maj-ass-eul   ttae   saenggin   geonga ?
33:31,아니야,No.,ani-ya
33:34,번개 같지는 않았어,It didn't seem like lightning.,beongae   gatjineun   anh-ass-eo
33:39,"번개 라기보다는…
[신비로운 음악]",I wouldn't say it felt like lightning.,"beongae   lagibodaneun … 
 [ sinbilo-un   eum-ag ]"
33:45,"(소문)
아주 차가운 물 같기도 했고","It felt like icy cold water,","( somun ) 
 aju   chaga-un   mul   gatgido   haessgo"
33:48,"손끝, 발끝",and I could feel it,"sonkkeut ,   balkkeut"
33:51,미세한 혈관까지 느껴질 만큼,"through every microvessel,
to the tip of my hands and feet.",misehan   hyeolgwankkaji   neu-kkyeojil   mankeum
33:54,강렬했달까?,It was that intense.,ganglyeolhaessdalkka ?
33:57,선명해,It felt so clear.,seonmyeonghae
33:59,"머릿속도 얼음물에
담근 것처럼 선명하게 밝아","And my head was very clear
as if I had put my head in ice water.","meolis-sogdo   eol-eummul-e 
 damgeun   geoscheoleom   seonmyeonghage   balg-a"
34:03,그랬어,That's how it felt.,geulaess-eo
34:05,대체 뭐였지?,What was that?,daeche   mwo-yeossji ?
34:39,"소문이지? (위겐)
난 위겐이라고 해",You must be So Mun. I'm Wi-gen.,"somun-iji ?   ( wigen ) 
 nan   wigen-ilago   hae"
34:51,꿈이 아니었어,It wasn't a dream.,kkum-i   ani-eoss-eo
34:53,"(주연)
그럼?",Then?,"( ju-yeon ) 
 geuleom ?"
34:55,꿈이겠지?,But it must be a dream.,kkum-igessji ?
34:56,"(소문)
아, 근데 너무 생생하잖아",But that felt too vivid.,"( somun ) 
 a ,   geunde   neomu   saengsaenghajanh-a"
34:58,"(주연)
그건 난 모르지",I wouldn't know.,"( ju-yeon ) 
 geugeon   nan   moleuji"
35:00,"(소문)
아니, 그 여자가 나를
만지던 기분까지 완전 레알이었…","The way that woman touched me
also felt completely realistic.","( somun ) 
 ani ,   geu   yeojaga   naleul 
 manjideon   gibunkkaji   wanjeon   le-al-i-eoss …"
35:03,내가 그 느낌 있다니까?,I can still recall how it felt.,naega   geu   neu-kkim   issdani-kka ?
35:04,"(주연)
오 터치","Whoa, ""touched""?","( ju-yeon ) 
 o   teochi"
35:08,벗지는 않고?,Was she naked?,beosjineun   anhgo ?
35:09,아휴,"Oh, man.",ahyu
35:11,"(주연)
벗겼거나 동시에 벗었거나","Or did you take her clothes off?
Or maybe you two stripped at once.","( ju-yeon ) 
 beosgyeossgeona   dongsi-e   beos-eossgeona"
35:14,"아, 그런 꿈 아니라니까 그러네, 정말",It wasn't that kind of dream.,"a ,   geuleon   kkum   anilani-kka   geuleone ,   jeongmal"
35:16,어떻게 생긴 여자였어?,What did she look like?,eo-tteohge   saenggin   yeoja-yeoss-eo ?
35:20,길고 풍성한 은발 머리에,"She had long, thick silver hair",gilgo   pungseonghan   eunbal   meoli-e
35:23,아주 이국적인 외모,and looked very exotic.,aju   igugjeog-in   oemo
35:27,"(소문)
나이는 한 50대 정도?",She must've been in her 50s.,"( somun ) 
 na-ineun   han   50dae   jeongdo ?"
35:30,"(주연)
오, 마이 갓! 변태 시키!","Oh, my God, you pervert.","( ju-yeon ) 
 o ,   ma-i   gas !   byeontae   siki !"
35:32,"(소문)
아휴, 진짜
[주연의 옅은 웃음]","Come on, goodness.","( somun ) 
 ahyu ,   jin-jja 
 [ ju-yeon-ui   yeot-eun   us-eum ]"
35:36,"(근영)
아, 우리가 돈을 달랬냐?",We aren't asking you to give us money.,"( geun-yeong ) 
 a ,   uliga   don-eul   dallaessnya ?"
35:39,"(근영)
아니, 빌려 달라잖아",We're asking you to let us borrow some.,"( geun-yeong ) 
 ani ,   billyeo   dallajanh-a"
35:42,"(웅민)
미안",Sorry.,"( ungmin ) 
 mi-an"
35:44,"(웅민)
하, 하루만 더 기다려 줄래?",Can you give me one more day?,"( ungmin ) 
 ha ,   haluman   deo   gidalyeo   jullae ?"
35:46,"내일은 꼭 갖고 올게, 진짜야",I'll bring it tomorrow. I mean it.,"nae-il-eun   kkog   gajgo   olge ,   jin-jja-ya"
35:50,"(천중)
이 자식네 펜션 하지?
[긴장감 흐르는 음악]","His family runs a pension, right?","( cheonjung ) 
 i   jasigne   pensyeon   haji ? 
 [ ginjanggam   heuleuneun   eum-ag ]"
35:52,"한 15명, 방 좀 잡자 3박 4일","Book us a room for 15 people
for three nights.","han   15myeong ,   bang   jom   jabja   3bag   4il"
35:55,"(천중)
그걸로 이자는 까 줄게",I'll take it as the interest.,"( cheonjung ) 
 geugeollo   ijaneun   kka   julge"
35:57,"그건 안 돼, 천중아
[떨리는 숨소리]","Not that, Cheon-jung.","geugeon   an   dwae ,   cheonjung-a 
 [ tteollineun   sumsoli ]"
35:58,"(웅민)
아, 저, 그러니까","What I mean is that,","( ungmin ) 
 a ,   jeo ,   geuleoni-kka"
36:00,우리 집 되게 후지고,our pension is really old…,uli   jib   doege   hujigo
36:01,"- (천중) 진짜, 씨!
- (근영) 에이, 에이 (근영)
아, 패면 안 되지, 야, 인마","-You little jerk.
-If you can't do it, you can't.","-   ( cheonjung )   jin-jja ,   ssi ! 
 -   ( geun-yeong )   e-i ,   e-i   ( geun-yeong ) 
 a ,   paemyeon   an   doeji ,   ya ,   inma"
36:04,왜 정색을 하냐?,"There's no need to get so serious, man.",wae   jeongsaeg-eul   hanya ?
36:05,"애 화났잖아, 어?",You made him angry.,"ae   hwanassjanh-a ,   eo ?"
36:07,"(천중)
뭘 봐?",What are you looking at?,"( cheonjung ) 
 mwol   bwa ?"
36:08,"(천중)
눈 깔아",Look down.,"( cheonjung ) 
 nun   kkal-a"
36:15,"(근영)
야, 야, 찹 (근영)
찹, 이 자식아, 찹",Come on. Put your head there.,"( geun-yeong ) 
 ya ,   ya ,   chab   ( geun-yeong ) 
 chab ,   i   jasig-a ,   chab"
36:18,"(근영)
우쭈쭈","Yes, that's it.","( geun-yeong ) 
 u-jju-jju"
36:21,웅민아,Ung-min.,ungmin-a
36:23,"(소문)
왜 그러고 있어? 가자",Why do you let them do that? Let's go.,"( somun ) 
 wae   geuleogo   iss-eo ?   gaja"
36:27,"소, 소문아",Mun…,"so ,   somun-a"
36:28,"(근영)
아, 체, 저건 뭐냐?","Man, what's that thing?","( geun-yeong ) 
 a ,   che ,   jeogeon   mwonya ?"
36:30,"(소문)
나, 나, 웅민이 친구",I'm Ung-min's friend.,"( somun ) 
 na ,   na ,   ungmin-i   chingu"
36:32,"(천중)
이야 교우 관계 살벌하네, 어?","Wow, you have some killer friends.","( cheonjung ) 
 i-ya   gyo-u   gwangye   salbeolhane ,   eo ?"
36:39,그 손 놔줘,Please let him go.,geu   son   nwajwo
36:42,"(근영)
야, 너 이리로 와 봐","Hey, you. Come here.","( geun-yeong ) 
 ya ,   neo   ililo   wa   bwa"
36:47,"(근영)
오라고
[소문의 당황한 숨소리]",Come here.,"( geun-yeong ) 
 olago 
 [ somun-ui   danghwanghan   sumsoli ]"
36:49,하지 마!,Stop it.,haji   ma !
36:52,"(천중)
눈 깔아, 씨!",Look down!,"( cheonjung ) 
 nun   kkal-a ,   ssi !"
36:54,"오지 마, 소문아","Don't come over here, Mun.","oji   ma ,   somun-a"
36:57,"제발 그냥 가
[떨리는 숨소리]",Please just go.,"jebal   geunyang   ga 
 [ tteollineun   sumsoli ]"
36:59,"(근영)
야, 차렷","Hey, attention.","( geun-yeong ) 
 ya ,   chalyeos"
37:01,"아, 그만해! (천중)
아이, 씨!","-Stop it!
-Darn you.","a ,   geumanhae !   ( cheonjung ) 
 a-i ,   ssi !"
37:03,"[뺨 때리는 소리]
(근영)
데려가고 [뺨 때리는 소리]
싶으면","If you want to take him,","[ ppyam   ttaelineun   soli ] 
 ( geun-yeong ) 
 delyeogago   [ ppyam   ttaelineun   soli ] 
 sip-eumyeon"
37:06,네가,you need to come here.,nega
37:08,"(소문)
그만하라니까!",I told you to stop!,"( somun ) 
 geumanhalani-kka !"
37:11,"(선생님)
도서관에서 이게 무슨 소리야! 누구야?","Who's being so loud in the library?
Who is it?","( seonsaengnim ) 
 doseogwan-eseo   ige   museun   soli-ya !   nugu-ya ?"
37:13,"[울먹이며]
(주연)
쌤, 여기요!","Sir, over here!","[ ulmeog-imyeo ] 
 ( ju-yeon ) 
 ssaem ,   yeogi-yo !"
37:15,"[주연의 울먹이는 소리]
(선생님)
조용, 조용","Sir, over here! -Ju-yeon, why are you crying?
-Sir!","[ ju-yeon-ui   ulmeog-ineun   soli ] 
 ( seonsaengnim ) 
 jo-yong ,   jo-yong"
37:16,"- (선생님) 너 왜 울어, 인마, 쯧
- (주연) 쌤!","-Ju-yeon, why are you crying?
-Sir!","-   ( seonsaengnim )   neo   wae   ul-eo ,   inma ,   jjeus 
 -   ( ju-yeon )   ssaem !"
37:18,"- (선생님) 조용, 인마
- (근영) 예, 안녕하십니까?","-Be quiet.
-Hello.","-   ( seonsaengnim )   jo-yong ,   inma 
 -   ( geun-yeong )   ye ,   annyeonghasibni-kka ?"
37:20,"(천중)
다음에 보자",See you tomorrow.,"( cheonjung ) 
 da-eum-e   boja"
37:21,"(선생님)
뭐야?",What's going on?,"( seonsaengnim ) 
 mwo-ya ?"
37:22,"(천중)
안녕하십니까?","-Hello.
-Hey.","( cheonjung ) 
 annyeonghasibni-kka ?"
37:26,너 재밌다,You're pretty funny.,neo   jaemissda
37:29,"- (혁우) 안녕하세요?
- (선생님) 아, 혁우 있었구나?","-Hello.
-Oh, Hyeok-u, you were here.","-   ( hyeog-u )   annyeonghase-yo ? 
 -   ( seonsaengnim )   a ,   hyeog-u   iss-eossguna ?"
37:35,"(선생님)
야, 공부해, 빨리, 쯧",Get back to your studies.,"( seonsaengnim ) 
 ya ,   gongbuhae ,   ppalli ,   jjeus"
37:36,웅민아,Ung-min…,ungmin-a
38:35,"[작은 목소리로]
장물유통 회장님이신가 본데?",He must be the chairman of Jangmul Retail.,"[ jag-eun   mogsolilo ] 
 jangmul-yutong   hoejangnim-isinga   bonde ?"
38:37,"(남자2)
철중이 형 장물유통 다녔잖아",Cheol-jung worked there.,"( namja2 ) 
 cheoljung-i   hyeong   jangmul-yutong   danyeossjanh-a"
38:44,"(남자2)
시, 십 억?",A billion won?,"( namja2 ) 
 si ,   sib   eog ?"
38:58,"(장물)
애도는 딱 오늘까지다","This is the last day
we're mourning for him.","( jangmul ) 
 aedoneun   ttag   oneulkkajida"
39:03,그 새끼 잡아가,We do not qualify,geu   sae-kki   jab-aga
39:05,철중이 제대로 보내 주는 그날까진,"to shed a teardrop for him
until we find that jerk",cheoljung-i   jedaelo   bonae   juneun   geunalkkajin
39:09,울 자격도 없다,and let Cheol-jung go in peace.,ul   jagyeogdo   eobsda
39:11,알았나?,Do you understand?,al-assna ?
39:16,"(모탁)
3단계였어요",He was a level three.,"( motag ) 
 3dangye-yeoss-eo-yo"
39:25,"염력도 쓰더라고
[긴장감 흐르는 음악]",He even uses psychokinesis.,"yeomlyeogdo   sseudeolago 
 [ ginjanggam   heuleuneun   eum-ag ]"
39:26,그라믄 3단계 넘어간 지가 좀 된 긴데?,"That means he went up to level three
a while ago.",geulameun   3dangye   neom-eogan   jiga   jom   doen   ginde ?
39:30,"(모탁)
3단계가 되도록 왜 우리는 몰랐지?","Why didn't we have any idea
until he got up to level three?","( motag ) 
 3dangyega   doedolog   wae   ulineun   mollassji ?"
39:35,"(장물)
우짜다가 특출난 놈이 있지","We come across an exceptional one
once in a blue moon.","( jangmul ) 
 u-jjadaga   teugchulnan   nom-i   issji"
39:38,소재 파악은 안 되겠나?,Can you find his location?,sojae   pa-ag-eun   an   doegessna ?
39:40,글마 기억 읽었을 거 아이가,I'm sure you read his mind.,geulma   gi-eog   ilg-eoss-eul   geo   a-iga
39:43,"(하나)
못 읽었어요",I couldn't.,"( hana ) 
 mos   ilg-eoss-eo-yo"
39:44,영혼이 몇 명 잡혔는지도 못 봤고?,"And you haven't seen
how many souls he captured?",yeonghon-i   myeoch   myeong   jabhyeossneunjido   mos   bwassgo ?
39:49,"(모탁)
철중이 형, 한 명은
확실히 잡혀 있는 거지","But Cheol-jung definitely got captured,
right?","( motag ) 
 cheoljung-i   hyeong ,   han   myeong-eun 
 hwagsilhi   jabhyeo   issneun   geoji"
39:56,위겐은 어떻게 됐어요?,What happened to Wi-gen?,wigen-eun   eo-tteohge   dwaess-eo-yo ?
39:58,"아, 위겐","Oh, Wi-gen.","a ,   wigen"
40:00,"뭐, 근사한 놈 찾아가 극적으로 살아남았다 카드라","I heard she found this splendid guy
and dramatically survived.","mwo ,   geunsahan   nom   chaj-aga   geugjeog-eulo   sal-anam-assda   kadeula"
40:04,근사한 놈?,A splendid guy?,geunsahan   nom ?
40:06,음,Yes.,eum
40:07,"(장물)
그기 참 묘한 기",It's quite uncanny.,"( jangmul ) 
 geugi   cham   myohan   gi"
40:10,코마도 아이고,He wasn't even in a coma.,komado   a-igo
40:12,멀쩡하게 걸어 댕기는 놈한테 드갔단다,"She went into this guy
who was walking around fine in one piece.",meoljjeonghage   geol-eo   daenggineun   nomhante   deugassdanda
40:15,"(하나)
예?",What?,"( hana ) 
 ye ?"
40:17,"(하나)
코마가 아닌 사람도
카운터가 될 수 있었어요?","Can someone who isn't in a coma
become a counter?","( hana ) 
 komaga   anin   salamdo 
 ka-unteoga   doel   su   iss-eoss-eo-yo ?"
40:21,"그, 위겐 말로는",Wi-gen said,"geu ,   wigen   malloneun"
40:23,"아가, 마, 에너지가 꽉 찼단다",that kid was filled with energy.,"aga ,   ma ,   eneojiga   kkwag   chassdanda"
40:26,"위겐도 글마 몸에 들어가 보이, 뭐","Once she slipped into his body,","wigendo   geulma   mom-e   deul-eoga   bo-i ,   mwo"
40:28,제가 부대끼가 힘이 들 지경이라고,"she couldn't even take all the energy
he had in him.",jega   budae-kkiga   him-i   deul   jigyeong-ilago
40:31,"(장물)
뭐, 울분도 있고 격정도 있고",He has anger and passion all piled up.,"( jangmul ) 
 mwo ,   ulbundo   issgo   gyeogjeongdo   issgo"
40:34,"(장물)
뭐, 한번 터졌다 카면, 마",She said no one will be able to take him,"( jangmul ) 
 mwo ,   hanbeon   teojyeossda   kamyeon ,   ma"
40:35,감당 못 할 놈이라 카대,once he blows up.,gamdang   mos   hal   nom-ila   kadae
40:41,"야, 모탁아 네가 한번 잘 만들어 봐라","Mo-tak, try to make something out of him.","ya ,   motag-a   nega   hanbeon   jal   mandeul-eo   bwala"
40:45,"(장물)
철중이 묵은 그 새끼
잡아야 될 거 아이가","We have to catch that jerk
who ate Cheol-jung up.","( jangmul ) 
 cheoljung-i   mug-eun   geu   sae-kki 
 jab-a-ya   doel   geo   a-iga"
40:49,글마가 꼭 필요하데이,We need that kid.,geulmaga   kkog   pil-yohade-i
40:53,단디 허자,Let's make this work.,dandi   heoja
41:07,"(정영)
벌써 철수해요?",You're pulling out already?,"( jeong-yeong ) 
 beol-sseo   cheolsuhae-yo ?"
41:10,"(형사1)
그건 왜 물어?",Why are you asking?,"( hyeongsa1 ) 
 geugeon   wae   mul-eo ?"
41:13,사건 끝났습니까?,Is this case closed?,sageon   kkeutnass-seubni-kka ?
41:16,"아니, 네 사건도 아닌데
왜 오지랖이냐고",It's not your case. Why do you care?,"ani ,   ne   sageondo   aninde 
 wae   ojilap-inyago"
41:19,"(형사1)
가, 가",Just go.,"( hyeongsa1 ) 
 ga ,   ga"
41:25,"(정영)
가난한 죽음에","Chief, I heard you'd be here","( jeong-yeong ) 
 gananhan   jug-eum-e"
41:27,과장님께서 직접 현장 지휘하신다니,"to oversee the scene
of a poor man's death,",gwajangnimkkeseo   jigjeob   hyeonjang   jihwihasindani
41:32,흥미가 생겨서요,so I got a little interested.,heungmiga   saenggyeoseo-yo
41:34,뭐? 흥미?,What? Did you say you're interested?,mwo ?   heungmi ?
41:43,"(정영)
자살이라면서 증거물이 많네요",That's a lot of evidence for a supposed suicide.,"( jeong-yeong ) 
 jasal-ilamyeonseo   jeunggeomul-i   manhne-yo"
41:47,증거물을 수집하는 거예요? 아니면,Are you collecting the evidence,jeunggeomul-eul   sujibhaneun   geo-ye-yo ?   animyeon
41:49,인멸하는 거예요?,or destroying it?,inmyeolhaneun   geo-ye-yo ?
41:56,"(형사1)
아, 나, 이 계집애가 소설 쓰네",Why is this brat making up stuff?,"( hyeongsa1 ) 
 a ,   na ,   i   gyejib-aega   soseol   sseune"
41:58,"- (형사1) 아, 이걸 진짜 그냥!
- (형사2) 아이고","Darn it, I'll just… -I'll beat you up right here.
-Stop that. Calm down.","-   ( hyeongsa1 )   a ,   igeol   jin-jja   geunyang ! 
 -   ( hyeongsa2 )   a-igo"
42:00,"- (형사2) 진짜 자꾸, 아이고
- (형사1) 내가, 아유","-I'll beat you up right here.
-Stop that. Calm down.","-   ( hyeongsa2 )   jin-jja   ja-kku ,   a-igo 
 -   ( hyeongsa1 )   naega ,   a-yu"
42:01,"- (형사1) 야, 야
- (형사2) 아이고, 그만","-Hey.
-Stop it.","-   ( hyeongsa1 )   ya ,   ya 
 -   ( hyeongsa2 )   a-igo ,   geuman"
42:03,"(형사1)
쟤, 쟤 좀 어디 좀 보내라, 응? 시집을 보내든 장가를 보내든","You need to get her somewhere.
Go get her married off.","( hyeongsa1 ) 
 jyae ,   jyae   jom   eodi   jom   bonaela ,   eung ?   sijib-eul   bonaedeun   janggaleul   bonaedeun"
42:06,"- 진짜, 씨
- (형사2) 알겠, 알겠어, 그러니깐","All right, I got it.","-   jin-jja ,   ssi 
 -   ( hyeongsa2 )   algess ,   algess-eo ,   geuleoni-kkan"
42:07,"- (형사1) 아유
- (형사3) 야",Hey.,"-   ( hyeongsa1 )   a-yu 
 -   ( hyeongsa3 )   ya"
42:09,"(형사3)
나대지 마라",Stop acting up.,"( hyeongsa3 ) 
 nadaeji   mala"
42:13,"(형사4)
아휴, 관종","Man, that attention whore.","( hyeongsa4 ) 
 ahyu ,   gwanjong"
42:16,서장님은 저거 왜 안 자르는 거냐?,Why hasn't she been fired?,seojangnim-eun   jeogeo   wae   an   jaleuneun   geonya ?
42:19,"(형사1)
야, 빨리빨리 마무리해
[형사들이 대답한다]","-Wrap up quickly.
-Yes, sir.","( hyeongsa1 ) 
 ya ,   ppalli-ppalli   mamulihae 
 [ hyeongsadeul-i   daedabhanda ]"
42:35,"(정영)
씨
[사이렌 소리가 들린다]",Darn it.,"( jeong-yeong ) 
 ssi 
 [ sa-ilen   soliga   deullinda ]"
43:12,1인 시위 하던,That man who had been protesting alone.,1in   si-wi   hadeon
43:14,"그, 누구지?",What was his name again?,"geu ,   nuguji ?"
43:16,중진사랑 권진승 대표 말씀이십니까?,"Are you talking about
CEO Kwon Jin-seung of Love Jungjin?",jungjinsalang   gwonjinseung   daepyo   mal-sseum-isibni-kka ?
43:19,"어, 어, 그래 요새 안 보이네?","Yes, right. I haven't seen him lately.","eo ,   eo ,   geulae   yosae   an   bo-ine ?"
43:24,자살했답니다,He took his own life.,jasalhaessdabnida
43:25,왜?,Why?,wae ?
43:27,"정신 불안이 있었어요, 원래",He had been mentally unstable.,"jeongsin   bul-an-i   iss-eoss-eo-yo ,   wonlae"
43:29,"(비서)
과대망상에 분노 장애도 그렇고","He suffered from delusion
and anger management issues.","( biseo ) 
 gwadaemangsang-e   bunno   jang-aedo   geuleohgo"
43:32,"[한숨]
아이고",Goodness.,"[ hansum ] 
 a-igo"
43:35,안됐네,That's too bad.,andwaessne
43:36,마음 쓰지 마십시오,You don't have to mind him.,ma-eum   sseuji   masibsi-o
43:37,시 사업에도 노이즈 안 생기게,I'll make sure everything gets wrapped up,si   sa-eob-edo   no-ijeu   an   saenggige
43:39,"(비서)
잘 정리하겠습니다",so it doesn't affect our business.,"( biseo ) 
 jal   jeonglihagess-seubnida"
43:42,그래요,All right.,geulae-yo
44:15,"(주연)
쌤이 뭐래?",What did the teacher say?,"( ju-yeon ) 
 ssaem-i   mwolae ?"
44:17,왜 그랬어?,Why did you do that?,wae   geulaess-eo ?
44:18,"- 웅민아
- (웅민) 그냥 지나쳐야지 왜 일을 크게 벌여?","-Ung-min.
-Why didn't you go? You made things worse.","-   ungmin-a 
 -   ( ungmin )   geunyang   jinachyeo-yaji   wae   il-eul   keuge   beol-yeo ?"
44:21,너희는 왜 그랬어?,Why did you two do that?,neohuineun   wae   geulaess-eo ?
44:23,"(소문)
왜 나한테 말 안 했어?
주연이, 너 알고 있었던 거지?","Why didn't you tell me?
Ju-yeon, you knew, too, didn't you?","( somun ) 
 wae   nahante   mal   an   haess-eo ? 
 ju-yeon-i ,   neo   algo   iss-eossdeon   geoji ?"
44:27,"- 그게 아니라
- (웅민) 걔들한테 찍히면 진짜 죽어","-It's not…
-You'll die if you get on their bad side.","-   geuge   anila 
 -   ( ungmin )   gyaedeulhante   jjighimyeon   jin-jja   jug-eo"
44:31,"네가 오늘 그 자식들 지뢰 밟은 거야
이제 어쩔 거야?","You made them blow up today.
What will you do now?","nega   oneul   geu   jasigdeul   jiloe   balb-eun   geo-ya 
 ije   eo-jjeol   geo-ya ?"
44:34,너 같으면 그냥 지나쳤겠어?,Would you have walked away?,neo   gat-eumyeon   geunyang   jinachyeossgess-eo ?
44:36,"(소문)
너, 내가 맞고 있는데
그냥 모른 척 지나갈 수 있어?","Could you walk away
if you saw me getting beaten up?","( somun ) 
 neo ,   naega   majgo   issneunde 
 geunyang   moleun   cheog   jinagal   su   iss-eo ?"
44:38,"(웅민)
모른 척해",I'd walk away.,"( ungmin ) 
 moleun   cheoghae"
44:39,백 번이고 천 번이고 모른 척해,"I'd walk away 1,000 times over.",baeg   beon-igo   cheon   beon-igo   moleun   cheoghae
44:41,웅민아!,Ung-min.,ungmin-a !
44:42,"혼자 맞을 거 둘이 처맞으면
덜 아프냐?","Would it hurt less
if we got beaten together?","honja   maj-eul   geo   dul-i   cheomaj-eumyeon 
 deol   apeunya ?"
44:45,맞아서 아픈 거 아무것도 아니야,"That pain from getting beaten up?
It's nothing.",maj-aseo   apeun   geo   amugeosdo   ani-ya
44:50,무서워,I'm scared.,museo-wo
44:55,맞을까 봐,I'm scared I'll get beaten.,maj-eulkka   bwa
44:58,"(웅민)
맞는 동안에도",I get frightened,"( ungmin ) 
 majneun   dong-an-edo"
45:00,안 맞는 동안에도,"when I get beaten, when I don't…",an   majneun   dong-an-edo
45:03,맞고 나서도 무서워,and even after I get beaten up.,majgo   naseodo   museo-wo
45:08,"근데 그것보다
더 무서운 게 뭔지 알아?",But do you know what's scarier?,"geunde   geugeosboda 
 deo   museo-un   ge   mwonji   al-a ?"
45:12,"(웅민)
네가 나처럼 그 자식들한테 당할까 봐","I'm scared they'll do what they did to me
to you.","( ungmin ) 
 nega   nacheoleom   geu   jasigdeulhante   danghalkka   bwa"
45:16,"[울먹이며]
그게 제일 무섭다고",That's what frightens me the most.,"[ ulmeog-imyeo ] 
 geuge   je-il   museobdago"
45:41,언제부터 그랬니?,How long has it been?,eonjebuteo   geulaessni ?
45:43,"(소문)
걔들한테 언제부터 당했어?",How long have they been doing this to you?,"( somun ) 
 gyaedeulhante   eonjebuteo   danghaess-eo ?"
45:46,그냥 좀 됐어,It's been a while.,geunyang   jom   dwaess-eo
45:54,"(주연)
같이 가",Wait for me.,"( ju-yeon ) 
 gat-i   ga"
45:56,"(소문)
아니, 오늘은 혼자 갈래","No, I want to go home alone today.","( somun ) 
 ani ,   oneul-eun   honja   gallae"
45:58,"(주연)
그래도 혹시 걔네들 만나면 어떡하려고","What if you run into them
on your way home?","( ju-yeon ) 
 geulaedo   hogsi   gyaenedeul   mannamyeon   eo-tteoghalyeogo"
46:08,쌤한테 다 말씀드린 거지?,Did you tell the teacher everything?,ssaemhante   da   mal-sseumdeulin   geoji ?
46:11,화해시켜 주겠단다,He said he'll help us make up.,hwahaesikyeo   jugessdanda
46:13,뭐? 화해?,"What? ""Make up""?",mwo ?   hwahae ?
46:15,징계를 해야지,He should punish them.,jinggyeleul   hae-yaji
46:16,걔들을 징계하겠냐? 신혁우가 있는데?,Why would he? Shin Hyeok-u is one of them.,gyaedeul-eul   jinggyehagessnya ?   sinhyeog-uga   issneunde ?
46:19,"- 날 전학시키고 말지
- (주연) 체!",He'd rather transfer me. He's the mayor's son.,"-   nal   jeonhagsikigo   malji 
 -   ( ju-yeon )   che !"
46:21,"신혁우, 걔는 시장 아들이
뭐가 부족해서 애들을 치고 다녀?","Why does he beat up other kids?
What more does he need?","sinhyeog-u ,   gyaeneun   sijang   adeul-i 
 mwoga   bujoghaeseo   aedeul-eul   chigo   danyeo ?"
46:27,"(웅민)
나는 뭐가 남아돌아서 처맞고 다니냐?","Do I get beaten up
because I don't need anything?","( ungmin ) 
 naneun   mwoga   nam-adol-aseo   cheomajgo   daninya ?"
46:37,"- (근영) 어, 하이?
- (천중) 어?",Look. Hi!,"-   ( geun-yeong )   eo ,   ha-i ? 
 -   ( cheonjung )   eo ?"
46:46,"(근영)
읏차",All right.,"( geun-yeong ) 
 euscha"
46:49,"(근영)
우리 아기, 졸았어요?","Little baby, are you scared?","( geun-yeong ) 
 uli   agi ,   jol-ass-eo-yo ?"
46:51,"(천중)
스틸! (근영)
오호, 나이스 샷!","-I'll steal this!
-Hey, nice job.","( cheonjung ) 
 seutil !   ( geun-yeong ) 
 oho ,   na-iseu   syas !"
46:53,"(천중)
잡아","-Try to take it.
-Stop it.","( cheonjung ) 
 jab-a"
46:54,"- (소문) 하지 마
- (천중) 잡아 봐, 잡아
[근영의 웃음]","-Try to take it.
-Stop it. Hey, take it.","-   ( somun )   haji   ma 
 -   ( cheonjung )   jab-a   bwa ,   jab-a 
 [ geun-yeong-ui   us-eum ]"
46:56,"- (천중) 야, 잡아 봐
- (근영) 잡아","Hey, take it.","-   ( cheonjung )   ya ,   jab-a   bwa 
 -   ( geun-yeong )   jab-a"
46:57,"- 줘
- (천중) 어? 야","-Give it to me.
-Hey.","-   jwo 
 -   ( cheonjung )   eo ?   ya"
46:58,"야, 잡아 봐",Try to take it. Come on.,"ya ,   jab-a   bwa"
47:01,"(소문)
줘",Give it back.,"( somun ) 
 jwo"
47:03,"뚝아 (천중)
열받냐?","Hey, gimp. Are you pissed?","ttug-a   ( cheonjung ) 
 yeolbadnya ?"
47:08,"- (근영) 오
- (천중) 이 새끼가 미쳤나, 씨
[혁우의 웃음]",Have you gone insane?,"-   ( geun-yeong )   o 
 -   ( cheonjung )   i   sae-kkiga   michyeossna ,   ssi 
 [ hyeog-u-ui   us-eum ]"
47:11,"(근영)
야, 가방엔 뭐가 들었을까요?",I wonder what's in his backpack.,"( geun-yeong ) 
 ya ,   gabang-en   mwoga   deul-eoss-eulkka-yo ?"
47:13,"- (소문) 만지지 마
- (근영) 아, 이 새끼","-Don't touch it.
-Darn it.","-   ( somun )   manjiji   ma 
 -   ( geun-yeong )   a ,   i   sae-kki"
47:18,"[소문의 신음]
(천중)
새끼가, 씨, 가만있어","Hey, stay still.","[ somun-ui   sin-eum ] 
 ( cheonjung ) 
 sae-kkiga ,   ssi ,   gaman-iss-eo"
47:20,"- (소문) 줘!
- (근영) 에헤, 에헤",Come on.,"-   ( somun )   jwo ! 
 -   ( geun-yeong )   ehe ,   ehe"
47:21,"(근영)
일어나지 마, 누워 있어
[소문의 신음] 누워, 누워, 누워 있어
[소문의 신음]","-Stop it!
-Lie down and stay there.","( geun-yeong ) 
 il-eonaji   ma ,   nu-wo   iss-eo 
 [ somun-ui   sin-eum ]   nu-wo ,   nu-wo ,   nu-wo   iss-eo 
 [ somun-ui   sin-eum ]"
47:27,"(혁우)
안 그래도 살기 뭣 같을 텐데
왜 설치고 지랄이야","Isn't your life already tough enough?
How dare you mess around.","( hyeog-u ) 
 an   geulaedo   salgi   mwos   gat-eul   tende 
 wae   seolchigo   jilal-i-ya"
47:31,"(근영)
어? 야, 야, 이거 뭐야?","Hey, what's this?","( geun-yeong ) 
 eo ?   ya ,   ya ,   igeo   mwo-ya ?"
47:35,"- (소문) 야, 만지지 마
- (근영) 뭐냐?
[혁우 패거리가 비웃는다]","-Hey, is this yours?
-Don't touch that.","-   ( somun )   ya ,   manjiji   ma 
 -   ( geun-yeong )   mwonya ? 
 [ hyeog-u   paegeoliga   bi-usneunda ]"
47:37,"- (소문) 그거 줘! 놔!
- (근영) 이거 유물 아냐, 유물?","-Give it back!
-Isn't this ancient?","-   ( somun )   geugeo   jwo !   nwa ! 
 -   ( geun-yeong )   igeo   yumul   anya ,   yumul ?"
47:39,"줘! 놔, 놔!",Give it back! Let me go!,"jwo !   nwa ,   nwa !"
47:41,"- (근영) '진품명품'이네?
- 안 돼!",It's like an artifact.,"-   ( geun-yeong )   ' jinpummyeongpum ' ine ? 
 -   an   dwae !"
47:43,"(소문)
놔 (근영)
오!
[혁우와 근영의 웃음] (혁우)
오, 야, 야!","-Let me go.
-He's mad.","( somun ) 
 nwa   ( geun-yeong ) 
 o ! 
 [ hyeog-u-wa   geun-yeong-ui   us-eum ]   ( hyeog-u ) 
 o ,   ya ,   ya !"
47:48,"(소문)
줘!",Give it to me. Give it back!,"( somun ) 
 jwo !"
47:50,"- (근영) 나이스 패스!
- (혁우) 야, 야",Give it to me. Hey.,"-   ( geun-yeong )   na-iseu   paeseu ! 
 -   ( hyeog-u )   ya ,   ya"
47:56,"너, 눈깔 그렇게 뜨지 마 죽어",Don't look at me like that. You'll die.,"neo ,   nunkkal   geuleohge   tteuji   ma   jug-eo"
48:00,"(혁우)
아, 그리고 이게 뭔데 지랄이야",Why are you going nuts over this?,"( hyeog-u ) 
 a ,   geuligo   ige   mwonde   jilal-i-ya"
48:02,"이러니까 더 개박살 내고 싶네, 씨!",You make me want to smash it into pieces.,"ileoni-kka   deo   gaebagsal   naego   sipne ,   ssi !"
48:06,"(하나)
네가 소문이야?",Are you So Mun?,"( hana ) 
 nega   somun-i-ya ?"
48:10,"(하나)
맞네, 소문",You are So Mun.,"( hana ) 
 majne ,   somun"
48:19,"(혁우)
이년, 뭐냐?",Who's this bitch?,"( hyeog-u ) 
 inyeon ,   mwonya ?"
48:20,"[혁우의 거친 숨소리]
(하나)
욕하지 마",Stop swearing.,"[ hyeog-u-ui   geochin   sumsoli ] 
 ( hana ) 
 yoghaji   ma"
48:23,"(하나)
너, 나랑 어디 좀 가야겠다",You need to come with me.,"( hana ) 
 neo ,   nalang   eodi   jom   ga-yagessda"
48:24,"(소문)
예?",What?,"( somun ) 
 ye ?"
48:28,뭐냐?,"-What is this?
-Get lost.",mwonya ?
48:31,"[천중의 신음]
(근영)
미쳤나, 씨","-Darn it.
-Are you insane?","[ cheonjung-ui   sin-eum ] 
 ( geun-yeong ) 
 michyeossna ,   ssi"
48:37,"(혁우)
미친, 씨!",You crazy brat.,"( hyeog-u ) 
 michin ,   ssi !"
48:39,"(혁우)
야",Hey. Who do you think you…,"( hyeog-u ) 
 ya"
48:47,학교에서 왕 노릇 하는 게 집에선,"You act like a king at school,",haggyo-eseo   wang   noleus   haneun   ge   jib-eseon
48:49,인간 대접도 못 받네,"but no one at home
treats you like a human being.",ingan   daejeobdo   mos   badne
48:58,"[천중의 신음]
(하나)
이거 네 거지?","-This is yours, right?
-Yes.","[ cheonjung-ui   sin-eum ] 
 ( hana ) 
 igeo   ne   geoji ?"
48:59,"[혁우의 신음]
가자",Let's go.,"[ hyeog-u-ui   sin-eum ] 
 gaja"
49:04,"(혁우)
씨, 야","-Darn it.
-Hey.","( hyeog-u ) 
 ssi ,   ya"
49:06,"저년 잡아
[근영의 신음]","-Get that bitch.
-Ouch.","jeonyeon   jab-a 
 [ geun-yeong-ui   sin-eum ]"
49:08,"- (혁우) 저년 잡아, 씨!
- (천중) 아","-Go get that bitch!
-Darn it.","-   ( hyeog-u )   jeonyeon   jab-a ,   ssi ! 
 -   ( cheonjung )   a"
49:19,"(소문)
저",Excuse me.,"( somun ) 
 jeo"
49:21,"(소문)
아",OWNER-OPERATED TAXI,"( somun ) 
 a"
49:22,국숫집 누나 맞죠?,"You're the lady
who works at the noodle place, right?",gugsusjib   nuna   maj-jyo ?
49:25,맞으면?,So what if I am?,maj-eumyeon ?
49:31,지금 저 어디로 데려가시는 거예요?,Where are you taking me right now?,jigeum   jeo   eodilo   delyeogasineun   geo-ye-yo ?
49:35,하늘나라,The other side.,haneulnala
49:37,예?,What?,ye ?
49:39,너 이상한 꿈 꿨지?,"You had a weird dream, right?",neo   isanghan   kkum   kkwossji ?
49:42,꿈요?,A dream?,kkum-yo ?
49:45,꿈인 듯,"It felt like a dream, but it didn't,",kkum-in   deus
49:47,"꿈 아닌 듯, 꿈 같았던 꿈?","It felt like a dream, but it didn't, but then it still felt like a dream.","kkum   anin   deus ,   kkum   gat-assdeon   kkum ?"
49:55,"소문이지?
[목소리가 울린다]",Are you So Mun?,"somun-iji ? 
 [ mogsoliga   ullinda ]"
49:56,"(소문)
어, 예, 예!","Yes, I did.","( somun ) 
 eo ,   ye ,   ye !"
49:58,"(하나)
은발 찰랑거리는 아줌마
만났을 거야, 위겐","I'm sure you met this silver-haired lady.
She's Wi-gen.","( hana ) 
 eunbal   challanggeolineun   ajumma 
 mannass-eul   geo-ya ,   wigen"
50:01,어? 어떻게 아셨어요?,How did you know?,eo ?   eo-tteohge   asyeoss-eo-yo ?
50:06,"(소문)
어?",Hey.,"( somun ) 
 eo ?"
50:09,거기가 하늘나라야,That's the other side.,geogiga   haneulnala-ya
50:17,"(하나)
기사님",Sir.,"( hana ) 
 gisanim"
50:19,저 이상한 사람 아니에요,I'm not a weirdo.,jeo   isanghan   salam   ani-e-yo
50:21,"[옅은 웃음]
농담, 농담",I'm just joking.,"[ yeot-eun   us-eum ] 
 nongdam ,   nongdam"
50:23,"- (택시 기사) 예
- (하나) 네
[하나의 웃음]","-I see.
-Yes.","-   ( taegsi   gisa )   ye 
 -   ( hana )   ne 
 [ hana-ui   us-eum ]"
50:34,"[출입문 종소리]
(하나)
저희 왔어요",We're here.,"[ chul-ibmun   jongsoli ] 
 ( hana ) 
 jeohui   wass-eo-yo"
50:39,"(소문)
안녕하세요",Hello.,"( somun ) 
 annyeonghase-yo"
50:43,뭐야?,What?,mwo-ya ?
50:45,고삐리야?,He's a high school kid?,go-ppili-ya ?
50:47,"(하나)
저승에 대해선 대충 설명해 줬어요","I gave him a brief overview
of the afterlife.","( hana ) 
 jeoseung-e   daehaeseon   daechung   seolmyeonghae   jwoss-eo-yo"
50:49,"- (소문) 네?
- (매옥) 어, 그래, 잘했네","What? Great job.
You finished doing the hard part.","-   ( somun )   ne ? 
 -   ( mae-og )   eo ,   geulae ,   jalhaessne"
50:51,"어, 힘든 코스는 끝냈네
[옅은 웃음]","Great job.
You finished doing the hard part.","eo ,   himdeun   koseuneun   kkeutnaessne 
 [ yeot-eun   us-eum ]"
50:53,"- (소문) 코스요?
- (매옥) 어, 어","What part? Hey, take a seat right here.","-   ( somun )   koseu-yo ? 
 -   ( mae-og )   eo ,   eo"
50:54,이쪽으로 앉아요,"Hey, take a seat right here.",i-jjog-eulo   anj-a-yo
51:00,"(매옥)
고생했네, 오느라
[소문의 어색한 웃음]",It must've been quite a journey.,"( mae-og ) 
 gosaenghaessne ,   oneula 
 [ somun-ui   eosaeghan   us-eum ]"
51:03,"- 이거 한 잔 마셔요, 힘들었지?
- (소문) 아","Here, drink this. It must've been tough.","-   igeo   han   jan   masyeo-yo ,   himdeul-eossji ? 
 -   ( somun )   a"
51:06,"(소문)
감사합니다",Thank you.,"( somun ) 
 gamsahabnida"
51:11,"(매옥)
내가 말을 좀 놔도 되… (소문)
아, 예
[매옥의 옅은 웃음]","-May I speak casually with you?
-Sure.","( mae-og ) 
 naega   mal-eul   jom   nwado   doe …   ( somun ) 
 a ,   ye 
 [ mae-og-ui   yeot-eun   us-eum ]"
51:16,"(매옥)
아, 이름이 소문이네, 아, 특이하다
[옅은 웃음]",Your name is So Mun? That's one of a kind.,"( mae-og ) 
 a ,   ileum-i   somun-ine ,   a ,   teug-ihada 
 [ yeot-eun   us-eum ]"
51:19,"대문도 아니고
[웃음]",Are you sure it's not Moon?,"daemundo   anigo 
 [ us-eum ]"
51:29,"(매옥)
우리는",We are…,"( mae-og ) 
 ulineun"
51:32,저승 일을 하는 사람들이다,"a group of people
who do business for the afterlife.",jeoseung   il-eul   haneun   salamdeul-ida
51:45,저승 일요?,"""Business for the afterlife""?",jeoseung   il-yo ?
51:46,"어, 그래, 저승사자 비슷하지","Yes, something like the Grim Reaper.","eo ,   geulae ,   jeoseungsaja   biseushaji"
51:52,죽은 사람,Like taking dead people to the other side?,jug-eun   salam
51:54,"- 하늘나라로 데리고 가는 거요?
- (매옥) 어, 그렇지",Like taking dead people to the other side? Precisely.,"-   haneulnalalo   deligo   ganeun   geo-yo ? 
 -   ( mae-og )   eo ,   geuleohji"
51:58,"(매옥)
너도 우리랑 팀이 돼서 같은 일을 하게 될 거다","You're going to join our team
and do the same thing.","( mae-og ) 
 neodo   ulilang   tim-i   dwaeseo   gat-eun   il-eul   hage   doel   geoda"
52:01,"- 예?
- (매옥) 저승에서 도망친 귀신들이","What? Spirits that escape from the afterlife
tend to be very strong.","-   ye ? 
 -   ( mae-og )   jeoseung-eseo   domangchin   gwisindeul-i"
52:03,힘이 아주 세요,"Spirits that escape from the afterlife
tend to be very strong.",him-i   aju   se-yo
52:05,"(매옥)
그래서 이 아저씨도
이렇게 항상 훈련을 하고…","That's why we always train ourselves
like this guy right here…","( mae-og ) 
 geulaeseo   i   ajeo-ssido 
 ileohge   hangsang   hunlyeon-eul   hago …"
52:11,"(매옥)
이, 어, 이거 훈련이야",This is a part of our training.,"( mae-og ) 
 i ,   eo ,   igeo   hunlyeon-i-ya"
52:14,"어, 훈련도 하는 거야
[매옥의 옅은 웃음]","So, yes, we get trained.","eo ,   hunlyeondo   haneun   geo-ya 
 [ mae-og-ui   yeot-eun   us-eum ]"
52:15,"(매옥)
너도 지금은 상당히 비리비리해 보…",You look awfully wimpy right now…,"( mae-og ) 
 neodo   jigeum-eun   sangdanghi   bilibilihae   bo …"
52:18,"아, 조금, 응, 약해 보이는데","I mean, a little weak.","a ,   jogeum ,   eung ,   yaghae   bo-ineunde"
52:21,"아, 앞으로 굉장히 세질 거다","But you'll become very powerful
from now on.","a ,   ap-eulo   goengjanghi   sejil   geoda"
52:27,진짜 얘랑 일을 한다고?,We're really going to work with this kid?,jin-jja   yaelang   il-eul   handago ?
52:29,"야, 너 할 수 있어?","Hey, can you do it?","ya ,   neo   hal   su   iss-eo ?"
52:31,"(매옥)
쓰읍, 겁주지 마",Quiet. Don't scare him.,"( mae-og ) 
 sseu-eub ,   geobjuji   ma"
52:32,"내가 겁나, 내가",I'm the one who's scared.,"naega   geobna ,   naega"
52:34,"얘랑 어떻게 일을 해?
이렇게 비리비리한…","How can we work with him?
He looks so wimpy…","yaelang   eo-tteohge   il-eul   hae ? 
 ileohge   bilibilihan …"
52:43,"근데 이 새끼, 이거
왜 이렇게 낯이 익지?","Wait, why does this little punk
seem so familiar?","geunde   i   sae-kki ,   igeo 
 wae   ileohge   nach-i   igji ?"
52:50,"(모탁)
너",You.,"( motag ) 
 neo"
52:53,나 알아?,Do you know me?,na   al-a ?
52:55,아니요,No.,ani-yo
52:56,잘됐네,Good.,jaldwaessne
52:58,"지금까지 없던 인연
앞으로도 없는 걸로","We never knew each other,
so let's keep it that way.","jigeumkkaji   eobsdeon   in-yeon 
 ap-eulodo   eobsneun   geollo"
53:01,"가모탁 (매옥)
최장물 얘기 못 들었어?","Ga Mo-tak.
Don't you remember what Jang-mul said?","gamotag   ( mae-og ) 
 choejangmul   yaegi   mos   deul-eoss-eo ?"
53:04,"이 아이가 꼭 필요하다잖아, 씨",He said we need this kid.,"i   a-iga   kkog   pil-yohadajanh-a ,   ssi"
53:05,"[매옥이 말한다]
- (모탁) 고삐리가…
- (소문) 저기, 저기","-Why are you asking me…
-Excuse me. Please don't get into a fight.","[ mae-og-i   malhanda ] 
 -   ( motag )   go-ppiliga … 
 -   ( somun )   jeogi ,   jeogi"
53:08,"(소문)
싸우지들 마시고요",Please don't get into a fight.,"( somun ) 
 ssa-ujideul   masigo-yo"
53:10,"(소문)
제가 여기 온 건 이거 때문이거든요?",I came here because of these.,"( somun ) 
 jega   yeogi   on   geon   igeo   ttaemun-igeodeun-yo ?"
53:12,"저 누나가 이게 뭔지
알려 주신다고 하셨는데?",She said she'll tell me what these are.,"jeo   nunaga   ige   mwonji 
 allyeo   jusindago   hasyeossneunde ?"
53:14,"어, 그래","Oh, yes.","eo ,   geulae"
53:16,"(매옥)
이 표식이 바로 저승으로 가는 문이다",These marks are the door to the afterlife.,"( mae-og ) 
 i   pyosig-i   balo   jeoseung-eulo   ganeun   mun-ida"
53:20,예?,What?,ye ?
53:23,"(소문)
어?",Hey.,"( somun ) 
 eo ?"
53:30,"(매옥)
아, 이 손 아니잖아",It's not this hand.,"( mae-og ) 
 a ,   i   son   anijanh-a"
53:37,"(매옥)
어, 그래, 소문아, 이제","All right, now, Mun.","( mae-og ) 
 eo ,   geulae ,   somun-a ,   ije"
53:40,저승에 다녀오너라,Go visit the afterlife.,jeoseung-e   danyeo-oneola
53:42,"- 예?
- (매옥) 쓰읍!","-What?
-Quiet.","-   ye ? 
 -   ( mae-og )   sseu-eub !"
53:43,가슴에 손을 얹고,Put your hand over your heart.,gaseum-e   son-eul   eonjgo
53:46,"(매옥)
지그시 눈을 감고","Close your eyes,","( mae-og ) 
 jigeusi   nun-eul   gamgo"
53:48,3초 이상 있어 보는 거야,"and stay there
for more than three seconds.",3cho   isang   iss-eo   boneun   geo-ya
53:50,"- (소문) 아니요, 그게 아니라
- (매옥) 쓰읍!","No, I'm not here to do…","-   ( somun )   ani-yo ,   geuge   anila 
 -   ( mae-og )   sseu-eub !"
53:51,얼른!,Come on.,eolleun !
53:55,"(하나)
미친 짓 같겠지만 해 봐","It sounds crazy, but give it a try.","( hana ) 
 michin   jis   gatgessjiman   hae   bwa"
53:57,손해 볼 거 없잖아,You won't lose anything.,sonhae   bol   geo   eobsjanh-a
54:07,"(매옥)
우리 식구로 들어오면 네 다리 고쳐 주마","If you decide to join us,
I'll fix your leg.","( mae-og ) 
 uli   siggulo   deul-eo-omyeon   ne   dali   gochyeo   juma"
54:11,"네? (모탁)
3초, 이 자식아","-What?
-Three seconds, you punk.","ne ?   ( motag ) 
 3cho ,   i   jasig-a"
54:14,3초,Three seconds.,3cho
54:22,1,One…,1
54:26,2,two…,2
54:30,3,three.,3
54:34,이제,Are we…,ije
54:36,"(소문)
됐나요?",good now?,"( somun ) 
 dwaessna-yo ?"
54:53,"(위겐)
도와줄까?
[목소리가 울린다]",Do you need a hand?,"( wigen ) 
 do-wajulkka ? 
 [ mogsoliga   ullinda ]"
55:08,"(소문)
여기가 저승이에요?",Is this… the afterlife?,"( somun ) 
 yeogiga   jeoseung-i-e-yo ?"
55:12,"저승과 너희 세상 사이의 경계 지역
[목소리가 울린다]","It's a boundary
between the afterlife and your life","jeoseunggwa   neohui   sesang   sa-i-ui   gyeonggye   ji-yeog 
 [ mogsoliga   ullinda ]"
55:15,"(위겐)
융이야
[목소리가 울린다]",called Yung.,"( wigen ) 
 yung-i-ya 
 [ mogsoliga   ullinda ]"
55:17,"죽은 자와 산 자가 만날 수 있는
만남의 장소이기도 하지","It's a place
where the dead and the living can meet up.","jug-eun   ja-wa   san   jaga   mannal   su   issneun 
 mannam-ui   jangso-igido   haji"
55:21,"(소문)
크게 다르진 않네요, 이승이랑","It doesn't seem too different
from my world.","( somun ) 
 keuge   daleujin   anhne-yo ,   iseung-ilang"
55:24,"(위겐)
이승에 있던 존재가 융에 오게 되면","Once someone from the world comes to Yung,","( wigen ) 
 iseung-e   issdeon   jonjaega   yung-e   oge   doemyeon"
55:27,그 사람한텐 이곳이,that person sees this place,geu   salamhanten   igos-i
55:29,"무의식 속에 잠재된
공간으로 보이게 돼","as a place that's hidden
deep inside their subconscious.","mu-uisig   sog-e   jamjaedoen 
 gonggan-eulo   bo-ige   dwae"
55:35,"(위겐)
마치 꿈처럼",It's like a dream.,"( wigen ) 
 machi   kkumcheoleom"
55:37,그럼 아줌마는 죽은 사람이에요?,Then are you a dead person?,geuleom   ajummaneun   jug-eun   salam-i-e-yo ?
55:41,"신기해?
[목소리가 울린다]",Is it uncanny?,"singihae ? 
 [ mogsoliga   ullinda ]"
55:42,"네, 죽은 사람 같지 않아서
더 신기해요","Yes, even more so
because you don't seem like a dead person.","ne ,   jug-eun   salam   gatji   anh-aseo 
 deo   singihae-yo"
55:49,"(위겐)
여기서의 삶도
[목소리가 울린다] 별반 다르지 않아",Life here isn't too different.,"( wigen ) 
 yeogiseo-ui   salmdo 
 [ mogsoliga   ullinda ]   byeolban   daleuji   anh-a"
55:52,"(위겐)
선한 사람도 있고 악한 사람도 있고","There are good people
and wicked people, too.","( wigen ) 
 seonhan   salamdo   issgo   aghan   salamdo   issgo"
55:56,"다만 (위겐)
선한 사람은 보상을 받고
[목소리가 울린다]","However, the only difference is that","daman   ( wigen ) 
 seonhan   salam-eun   bosang-eul   badgo 
 [ mogsoliga   ullinda ]"
55:59,악한 자는 반드시,"the good are rewarded,",aghan   janeun   bandeusi
56:01,응당 대가를 치러야 된다는 차이 정도?,"but the evil must pay the price
for their wicked deeds.",eungdang   daegaleul   chileo-ya   doendaneun   cha-i   jeongdo ?
56:05,엄청난 차이잖아요,That's a huge difference.,eomcheongnan   cha-ijanh-a-yo
56:10,"(위겐)
다른 곳으로 가 볼까?",Let's go somewhere else.,"( wigen ) 
 daleun   gos-eulo   ga   bolkka ?"
56:15,"(소문)
잠깐만요",One second.,"( somun ) 
 jamkkanman-yo"
56:18,여기가 만남의 장소라고 하셨죠?,"You said
this is a place where we can meet.",yeogiga   mannam-ui   jangsolago   hasyeossjyo ?
56:22,그럼 혹시,"Then, by any chance,",geuleom   hogsi
56:24,"우리 엄마, 아빠도 만날 수 있을까요?",do you think I can see my mom and dad?,"uli   eomma ,   a-ppado   mannal   su   iss-eulkka-yo ?"
56:27,"(소문)
우리 엄마, 아빠도 돌아가셨거든요",They passed away.,"( somun ) 
 uli   eomma ,   a-ppado   dol-agasyeossgeodeun-yo"
56:37,미안하지만 그건…,"I'm sorry, but no.",mi-anhajiman   geugeon …
57:29,"(소문)
아니, 어떻게…",How did that happen?,"( somun ) 
 ani ,   eo-tteohge …"
57:32,"(소문)
여기 어디예요?",Where are we?,"( somun ) 
 yeogi   eodi-ye-yo ?"
57:38,"(소문)
어?",Hey.,"( somun ) 
 eo ?"
57:48,"(위겐)
악귀를 잡는 게 네 일이라는 건 들었지?","You heard that it's your job
to catch evil spirits, right?","( wigen ) 
 aggwileul   jabneun   ge   ne   il-ilaneun   geon   deul-eossji ?"
57:53,네,Yes.,ne
57:54,"악귀들이 인간 세상에 내려와서
살 수 있는 방법은","There's only one way
for evil spirits to come to this world","aggwideul-i   ingan   sesang-e   naelyeo-waseo 
 sal   su   issneun   bangbeob-eun"
57:57,"(위겐)
딱 한 가지야",and live among people.,"( wigen ) 
 ttag   han   gaji-ya"
57:59,사람 몸에 들어가서 기생하는 거,"They must go into a human
and live off them.",salam   mom-e   deul-eogaseo   gisaenghaneun   geo
58:03,사람이 숙주가 되는 거예요?,So a person becomes their host?,salam-i   sugjuga   doeneun   geo-ye-yo ?
58:06,악귀는,An evil spirit,aggwineun
58:08,숙주가 주는 먹이로 생명을 이어 가,"can continue to live
as it feeds off the food from its host.",sugjuga   juneun   meog-ilo   saengmyeong-eul   i-eo   ga
58:11,숙주가 주는 먹이요?,The food from its host?,sugjuga   juneun   meog-i-yo ?
58:18,살인,Murder.,sal-in
58:20,"(위겐)
숙주가 살인을 하면","Once the host murders someone,","( wigen ) 
 sugjuga   sal-in-eul   hamyeon"
58:22,그 영혼을 먹는 거야,it preys on the victim's soul.,geu   yeonghon-eul   meogneun   geo-ya
58:26,그러려면,Which means,geuleolyeomyeon
58:28,숙주를 잘 골라잡아서 들어가야겠지,they should pick a good host to live in.,sugjuleul   jal   gollajab-aseo   deul-eoga-yagessji
58:32,"(위겐)
이미 살생 경험이 있거나","They either find someone
who has murdered another","( wigen ) 
 imi   salsaeng   gyeongheom-i   issgeona"
58:34,"살인 충동과
[여자2의 말소리]",or someone who has,"sal-in   chungdonggwa 
 [ yeoja2ui   malsoli ]"
58:36,"욕망이 강한 자를 찾아서
[남자4의 말소리]","a strong impulse and desire
to kill someone else.","yogmang-i   ganghan   jaleul   chaj-aseo 
 [ namja4ui   malsoli ]"
58:39,"(남자4)
내놔",Give it to me.,"( namja4 ) 
 naenwa"
58:40,"- (여자2) 오빠, 왜 이래?
- (남자4) 내놔, 내놓으라고","-Why are you doing this?
-Give it to me.","-   ( yeoja2 )   o-ppa ,   wae   ilae ? 
 -   ( namja4 )   naenwa ,   naenoh-eulago"
58:42,악귀들은 자기와 꼭 닮은,Evil spirits keep a keen eye out,aggwideul-eun   jagi-wa   kkog   dalm-eun
58:44,"- (여자2) 오빠, 진짜 왜 그래?
- (위겐) 살기를 예민하게 캐치하거든
[남자4가 말한다]",for ones who are as violent as them. I just need one look.,"-   ( yeoja2 )   o-ppa ,   jin-jja   wae   geulae ? 
 -   ( wigen )   salgileul   yeminhage   kaechihageodeun 
 [ namja4ga   malhanda ]"
58:49,"(여자2)
아, 이러지 좀 마, 진짜!",Will you please stop doing this?,"( yeoja2 ) 
 a ,   ileoji   jom   ma ,   jin-jja !"
58:54,"(남자4)
야!",Hey!,"( namja4 ) 
 ya !"
58:55,"(남자4)
야!",You!,"( namja4 ) 
 ya !"
58:56,"어, 어?","Hey, wait.","eo ,   eo ?"
58:58,"(소문)
안 돼!",No!,"( somun ) 
 an   dwae !"
59:00,"- (남자4) 야!
- (소문) 안 돼!","-Hey!
-No!","-   ( namja4 )   ya ! 
 -   ( somun )   an   dwae !"
59:16,"(소문)
어?",What?,"( somun ) 
 eo ?"
59:18,"(위겐)
이건 땅이 기억하는 과거야","This is a moment in the past
which this land remembers.","( wigen ) 
 igeon   ttang-i   gi-eoghaneun   gwageo-ya"
59:21,이미 지나간 일이란 뜻이지,It's already history.,imi   jinagan   il-ilan   tteus-iji
59:33,이미 지나간…,It's already history?,imi   jinagan …
59:35,"(남자4)
야!",Hey!,"( namja4 ) 
 ya !"
59:49,"(위겐)
악귀는
[퍽] 살기로 가득 찬 몸을 찾아 들어가","An evil spirit goes into a human
who's filled with a violent temper","( wigen ) 
 aggwineun 
 [ peog ]   salgilo   gadeug   chan   mom-eul   chaj-a   deul-eoga"
59:54,살인 욕망을 부추겨,then encourages their desire to kill.,sal-in   yogmang-eul   buchugyeo
59:57,"(위겐)
숙주가 살인을 거듭할수록","The more the host kills,","( wigen ) 
 sugjuga   sal-in-eul   geodeubhalsulog"
1:00:00,악귀는 강해져,the stronger the spirit gets.,aggwineun   ganghaejyeo
1:00:02,종국엔,"In the end,",jonggug-en
1:00:04,숙주의 몸을 제 것으로 만들고,it takes over the host's body as its own.,sugju-ui   mom-eul   je   geos-eulo   mandeulgo
1:00:10,"(위겐)
그때부터 자기 의지대로 살인을 하게 돼","After that,
it begins to kill others as it wishes.","( wigen ) 
 geu-ttaebuteo   jagi   uijidaelo   sal-in-eul   hage   dwae"
1:00:23,"(소문)
제가",Do you think…,"( somun ) 
 jega"
1:00:25,이 일을 할 수 있을까요?,I can do something like this?,i   il-eul   hal   su   iss-eulkka-yo ?
1:00:29,악귀 잡는 일을,Catching evil spirits?,aggwi   jabneun   il-eul
1:00:33,노력해야 해,You need to work for it.,nolyeoghae-ya   hae
1:00:35,"(위겐)
우리가 보통의 인간이 갖고 있지 않은
큰 힘을 주긴 하지만","We give you great power
that a normal person doesn't have,","( wigen ) 
 uliga   botong-ui   ingan-i   gajgo   issji   anh-eun 
 keun   him-eul   jugin   hajiman"
1:00:40,일을 하다 죽을 수도 있고,"but you might die from doing this work,",il-eul   hada   jug-eul   sudo   issgo
1:00:43,"(위겐)
다치는 건 일상이고",and you get hurt all the time.,"( wigen ) 
 dachineun   geon   ilsang-igo"
1:00:50,"(위겐)
일요일 네가 있던 장소와 멀지 않은 곳에서","On Sunday, at a place
not far away from where you were,","( wigen ) 
 il-yo-il   nega   issdeon   jangso-wa   meolji   anh-eun   gos-eseo"
1:00:55,내 파트너가 죽었어,my partner died.,nae   pateuneoga   jug-eoss-eo
1:00:58,"(소문)
이 일을 하다가 죽을 수도 있다고요?",So I could die while doing this work?,"( somun ) 
 i   il-eul   hadaga   jug-eul   sudo   issdago-yo ?"
1:01:04,"(위겐)
꼭 같이 일해 달라고
강요하는 건 아니야",I'm not forcing you to join us.,"( wigen ) 
 kkog   gat-i   ilhae   dallago 
 gang-yohaneun   geon   ani-ya"
1:01:12,거절할 수도,So I have a choice…,geojeolhal   sudo
1:01:15,있는 거죠?,to turn this down?,issneun   geojyo ?
1:01:22,"(모탁)
안 하겠다고?",You aren't going to do it?,"( motag ) 
 an   hagessdago ?"
1:01:24,"(소문)
네",No.,"( somun ) 
 ne"
1:01:25,"(매옥)
아니, 어떻게 그런 결정을 할 수가 있지?",How can you come to such a conclusion?,"( mae-og ) 
 ani ,   eo-tteohge   geuleon   gyeoljeong-eul   hal   suga   issji ?"
1:01:30,"(하나)
그럴 수 있죠",I get it.,"( hana ) 
 geuleol   su   issjyo"
1:01:34,"아니, 우리야 코마일 때 찾아와서","I mean, we got our lives back","ani ,   uli-ya   koma-il   ttae   chaj-a-waseo"
1:01:35,일하는 대가로 생명 돌려받았지만,"because she came to see us
when we were in a coma.",ilhaneun   daegalo   saengmyeong   dollyeobad-assjiman
1:01:38,얘는 대가가 없으니까,But he doesn't get anything out of this.,yaeneun   daegaga   eobs-euni-kka
1:01:41,"(매옥과 모탁)
아","-Right.
-Right.","( mae-oggwa   motag ) 
 a"
1:01:43,"(매옥)
아니, 아, 그럼 뭘 좀, 다른 걸 좀 달라고 해 보지 그랬어","Then why didn't you try
asking for something else?","( mae-og ) 
 ani ,   a ,   geuleom   mwol   jom ,   daleun   geol   jom   dallago   hae   boji   geulaess-eo"
1:01:47,위겐은 뭐래?,What did Wi-gen say?,wigen-eun   mwolae ?
1:01:49,"다음 주까지 생각해 보고
다시 만나재요","She wants to meet again
after I get a week to think.","da-eum   ju-kkaji   saenggaghae   bogo 
 dasi   mannajae-yo"
1:01:52,"(매옥)
뭐, 생각해 보고?",She told you to think about it?,"( mae-og ) 
 mwo ,   saenggaghae   bogo ?"
1:01:53,네 근데 어차피 전 할 수가 없어요,"Yes, but I can't do this anyway.",ne   geunde   eochapi   jeon   hal   suga   eobs-eo-yo
1:01:58,왜?,Why not?,wae ?
1:02:00,"(소문)
이 일",I heard…,"( somun ) 
 i   il"
1:02:02,죽을 수도 있다면서요,I might die while doing this.,jug-eul   sudo   issdamyeonseo-yo
1:02:04,"아니, 뭐, 어차피 죽어 있었는데, 뭘","You were already as good as dead, so…","ani ,   mwo ,   eochapi   jug-eo   iss-eossneunde ,   mwol"
1:02:06,"아! 아, 얘, 그, 코마가
아니라고 그랬지","Oh, right. You weren't in a coma.","a !   a ,   yae ,   geu ,   komaga 
 anilago   geulaessji"
1:02:10,"(모탁)
위겐은 왜 애한테 들어가서 일을 복잡하게 만들어?","Why did Wi-gen go into his body
and make everything complicated?","( motag ) 
 wigen-eun   wae   aehante   deul-eogaseo   il-eul   bogjabhage   mandeul-eo ?"
1:02:14,"(하나)
그래서, 왜 할 수가 없는 건데?",So why can't you do this?,"( hana ) 
 geulaeseo ,   wae   hal   suga   eobsneun   geonde ?"
1:02:21,"전 할머니, 할아버지보다
앞서서 죽으면 안 돼요",I can't die before my grandma and grandpa.,"jeon   halmeoni ,   hal-abeojiboda 
 apseoseo   jug-eumyeon   an   dwae-yo"
1:02:24,절대로,Never.,jeoldaelo
1:02:27,절대로 그럴 수 없어요,I could never do that to them.,jeoldaelo   geuleol   su   eobs-eo-yo
1:02:30,"(소문)
두 분한테 그런 고통을
다신 드리고 싶지 않아요","I don't want to give them
that much pain again.","( somun ) 
 du   bunhante   geuleon   gotong-eul 
 dasin   deuligo   sipji   anh-a-yo"
1:02:37,재밌었습니다,I had fun.,jaemiss-eoss-seubnida
1:02:42,"(모탁)
어?",What?,"( motag ) 
 eo ?"
1:02:44,"(소문)
아, 맞는다, 그, 여긴
저기, 몇 시에 와야 국수 먹을 수 있어요?","Oh, right. What time do I have to be here
to try your noodles?","( somun ) 
 a ,   majneunda ,   geu ,   yeogin 
 jeogi ,   myeoch   si-e   wa-ya   gugsu   meog-eul   su   iss-eo-yo ?"
1:02:51,"(모탁)
너는 지금 그게 궁금하니?",Is that what you want to know right now?,"( motag ) 
 neoneun   jigeum   geuge   gunggeumhani ?"
1:02:55,"네
[웃음]",Yes.,"ne 
 [ us-eum ]"
1:02:58,다음에 또 올게요,I'll come back next time.,da-eum-e   tto   olge-yo
1:03:00,"(매옥)
잠깐만",Hey.,"( mae-og ) 
 jamkkanman"
1:03:02,"(하나)
근데","You know,","( hana ) 
 geunde"
1:03:04,얘 기억 지워야 되는 거 아니에요?,shouldn't we erase his memory?,yae   gi-eog   ji-wo-ya   doeneun   geo   ani-e-yo ?
1:03:07,"(하나)
여기 아지트인 것도 알고","He knows that this is our hideout,","( hana ) 
 yeogi   ajiteu-in   geosdo   algo"
1:03:09,우리 정체도 알았는데,"and he knows who we are, too.",uli   jeongchedo   al-assneunde
1:03:12,"(소문)
누나, 기억도 지울 수 있어요?",You can erase memories?,"( somun ) 
 nuna ,   gi-eogdo   ji-ul   su   iss-eo-yo ?"
1:03:14,"(매옥)
아, 아, 저기, 저기","Hey, Ha-na, wait a second.","( mae-og ) 
 a ,   a ,   jeogi ,   jeogi"
1:03:17,"(매옥)
일주일간의 말미가 있으니까","You have a week to think about this,","( mae-og ) 
 ilju-ilgan-ui   malmiga   iss-euni-kka"
1:03:19,좀 잘 생각해 봐,so think it over carefully.,jom   jal   saenggaghae   bwa
1:03:22,네,Okay.,ne
1:03:24,"(소문)
아무한테도 말 안 할게요",I won't tell anyone.,"( somun ) 
 amuhantedo   mal   an   halge-yo"
1:03:26,걱정하지 마세요,Don't worry.,geogjeonghaji   mase-yo
1:03:27,"(매옥)
그래",Okay.,"( mae-og ) 
 geulae"
1:03:30,안녕히 계세요,"-Goodbye.
-Bye.",annyeonghi   gyese-yo
1:03:45,"[매옥의 옅은 한숨]
(매옥)
어떡하지?",What should we do?,"[ mae-og-ui   yeot-eun   hansum ] 
 ( mae-og ) 
 eo-tteoghaji ?"
1:03:47,"(모탁)
저 새끼",That punk.,"( motag ) 
 jeo   sae-kki"
1:03:49,안 한다고 하니까 아쉽네,"It's kind of disappointing
to hear him say no.",an   handago   hani-kka   aswibne
1:03:54,"(모탁)
이것은",Is he…,"( motag ) 
 igeos-eun"
1:03:57,밀당인가?,playing hard to get?,mildang-inga ?
1:04:06,"[휴대폰 진동음]
아 맞는다
[휴대폰 진동음]","Oh, right.","[ hyudaepon   jindong-eum ] 
 a   majneunda 
 [ hyudaepon   jindong-eum ]"
1:04:11,"(소문)
어, 미안, 웅민아","Hey, I'm sorry, Ung-min.","( somun ) 
 eo ,   mi-an ,   ungmin-a"
1:04:12,"나 아직 콘티 못 만들었어
일이 좀 있어 가지고","I haven't made the storyboard yet.
Something came up.","na   ajig   konti   mos   mandeul-eoss-eo 
 il-i   jom   iss-eo   gajigo"
1:04:16,"소, 소, 소문아
[울먹이는 숨소리]",Mun…,"so ,   so ,   somun-a 
 [ ulmeog-ineun   sumsoli ]"
1:04:18,웅민아,Ung-min.,ungmin-a
1:04:21,너 왜 그래?,What's wrong?,neo   wae   geulae ?
1:04:23,"(천중)
지금 당장 학교 체육관으로 와, 새끼야",Come to the school gym right now!,"( cheonjung ) 
 jigeum   dangjang   haggyo   che-yuggwan-eulo   wa ,   sae-kki-ya"
1:04:26,"(천중)
신고했다간 내일 아침에 네 친구 면상
못 알아보게 갈아 버릴 테니까","If you report us, we'll beat him
until you won't recognize him tomorrow.","( cheonjung ) 
 singohaessdagan   nae-il   achim-e   ne   chingu   myeonsang 
 mos   al-aboge   gal-a   beolil   teni-kka"
1:04:30,"(천중)
그런 줄 알고",So remember that.,"( cheonjung ) 
 geuleon   jul   algo"
1:04:32,너 어디야?,Where are you?,neo   eodi-ya ?
1:04:33,어디냐고!,Where are you right now?,eodinyago !
1:04:34,"(천중)
그 계집애
[웅민의 겁먹은 숨소리] 데리고 와라",And bring that brat with you.,"( cheonjung ) 
 geu   gyejib-ae 
 [ ungmin-ui   geobmeog-eun   sumsoli ]   deligo   wala"
1:04:46,어디 가나? 집에 가나?,Where is he going? Is he going home?,eodi   gana ?   jib-e   gana ?
1:04:49,"(하나)
쟤, 또 다굴 맞으러 가요",He's on his way to get beaten up again.,"( hana ) 
 jyae ,   tto   dagul   maj-euleo   ga-yo"
1:04:59,"(혁우)
야
[웅민의 떨리는 숨소리]",Hey.,"( hyeog-u ) 
 ya 
 [ ungmin-ui   tteollineun   sumsoli ]"
1:05:03,"[천중의 웃음]
(근영)
표정 봐, 표정","Man, look at his face.","[ cheonjung-ui   us-eum ] 
 ( geun-yeong ) 
 pyojeong   bwa ,   pyojeong"
1:05:05,"아유, 야, 바지에 오줌 안 싸냐? 응?
[웅민의 울먹이는 숨소리]",Did you pee in your pants?,"a-yu ,   ya ,   baji-e   ojum   an   ssanya ?   eung ? 
 [ ungmin-ui   ulmeog-ineun   sumsoli ]"
1:05:07,"지금 너희들, 뭐 하는 짓이야!",What do you think you're doing?,"jigeum   neohuideul ,   mwo   haneun   jis-i-ya !"
1:05:11,"(근영)
아니, 너 왜 혼자야",Why are you here alone?,"( geun-yeong ) 
 ani ,   neo   wae   honja-ya"
1:05:13,"아, 그 계집애 데리고 오랬잖아!",I told you to bring that brat here!,"a ,   geu   gyejib-ae   deligo   olaessjanh-a !"
1:05:16,"(소문)
너희들, 진짜 이러면 안 되잖아",You really shouldn't be doing this.,"( somun ) 
 neohuideul ,   jin-jja   ileomyeon   an   doejanh-a"
1:05:17,어? 그렇잖아!,Right? You can't do this.,eo ?   geuleohjanh-a !
1:05:19,"(천중)
뭐지? 이 개념은?",Who is this human ethics textbook?,"( cheonjung ) 
 mwoji ?   i   gaenyeom-eun ?"
1:05:21,"소, 소, 소, 소문아
[떨리는 숨소리]",Mun.,"so ,   so ,   so ,   somun-a 
 [ tteollineun   sumsoli ]"
1:05:23,"안 돼, 너 뭐 하는 거야?","No, what are you doing?","an   dwae ,   neo   mwo   haneun   geo-ya ?"
1:05:25,"웅민이, 아무런 상관 없는 일이야",Ung-min has nothing to do with this.,"ungmin-i ,   amuleon   sanggwan   eobsneun   il-i-ya"
1:05:27,그러니까 돌려보내 줘,So let him go.,geuleoni-kka   dollyeobonae   jwo
1:05:29,"(천중)
미쳐서 머가리도 망가졌냐, 씨
[소문의 신음]",Have you gone completely insane?,"( cheonjung ) 
 michyeoseo   meogalido   manggajyeossnya ,   ssi 
 [ somun-ui   sin-eum ]"
1:05:33,웅민이 대신 내가 사과할게,Let me apologize instead of him.,ungmin-i   daesin   naega   sagwahalge
1:05:35,"그러니까 (소문)
웅민이 보내 줘",So let him go.,"geuleoni-kka   ( somun ) 
 ungmin-i   bonae   jwo"
1:05:38,"[천중의 신음]
(근영)
야, 천중이, 쟤 뭐 하냐?",What's Cheon-jung doing?,"[ cheonjung-ui   sin-eum ] 
 ( geun-yeong ) 
 ya ,   cheonjung-i ,   jyae   mwo   hanya ?"
1:05:40,"- (천중) 아, 씨
- (소문) 그 누나 대신해서 내가 사과할게
[가쁜 숨소리]","I apologize on behalf of that woman, too.","-   ( cheonjung )   a ,   ssi 
 -   ( somun )   geu   nuna   daesinhaeseo   naega   sagwahalge 
 [ ga-ppeun   sumsoli ]"
1:05:44,"다쳤다면 내가 갚을게
[긴장감 흐르는 음악]","If you got hurt,
I'll pay your bills for that, too.","dachyeossdamyeon   naega   gap-eulge 
 [ ginjanggam   heuleuneun   eum-ag ]"
1:05:47,"(소문)
정말 미안해 사과할게",I'm so sorry. I apologize.,"( somun ) 
 jeongmal   mi-anhae   sagwahalge"
1:05:54,"사과, 그거","""Apologize""?","sagwa ,   geugeo"
1:06:01,먹는 거냐?,Is that a type of food?,meogneun   geonya ?
1:06:06,"낮에, 걔 누구야?",Who was that girl we saw today?,"naj-e ,   gyae   nugu-ya ?"
1:06:08,"- 그, 그거 말 못 해
- (혁우) 말 못 해?",I can't tell you that. You can't?,"-   geu ,   geugeo   mal   mos   hae 
 -   ( hyeog-u )   mal   mos   hae ?"
1:06:11,그럼 말하지 마,Then don't.,geuleom   malhaji   ma
1:06:12,"주둥이에서
새어 나오게 해 줄 테니까
[소문의 비명]",I'll make you spill the truth.,"judung-i-eseo 
 sae-eo   na-oge   hae   jul   teni-kka 
 [ somun-ui   bimyeong ]"
1:06:14,"(웅민)
야, 이 새끼들아!",You jerks!,"( ungmin ) 
 ya ,   i   sae-kkideul-a !"
1:06:16,"[울먹이는 숨소리]
소문이 때리지 마",Stop beating Mun!,"[ ulmeog-ineun   sumsoli ] 
 somun-i   ttaeliji   ma"
1:06:19,"(웅민)
소문아, 누군데 그래!
[혁우의 한숨]","Mun, who is she?","( ungmin ) 
 somun-a ,   nugunde   geulae ! 
 [ hyeog-u-ui   hansum ]"
1:06:21,"얘기해!
[웅민의 울먹이는 숨소리] 너 그러다 진짜 죽어!","Just tell him!
If you don't, you might die!","yaegihae ! 
 [ ungmin-ui   ulmeog-ineun   sumsoli ]   neo   geuleoda   jin-jja   jug-eo !"
1:06:27,"(소문)
이 정도면 됐잖아
[소문의 가쁜 숨소리]",You've done enough.,"( somun ) 
 i   jeongdomyeon   dwaessjanh-a 
 [ somun-ui   ga-ppeun   sumsoli ]"
1:06:28,그러니까 이제 그만해!,So it's time for you to stop!,geuleoni-kka   ije   geumanhae !
1:06:30,지랄 말고,Cut your damn nonsense.,jilal   malgo
1:06:32,걔 지금 어디 있냐고!,Where is she right now?,gyae   jigeum   eodi   issnyago !
1:06:46,이제 빚은 다 갚았다고,I paid you back in full already.,ije   bij-eun   da   gap-assdago
1:06:55,이 개자식아,You son of a bitch.,i   gaejasig-a
1:07:25,"(소문)
걸어요",I'm walking.,"( somun ) 
 geol-eo-yo"
1:07:26,"(매옥)
아직 그렇게 뛰면 안 돼!",You shouldn't be running yet!,"( mae-og ) 
 ajig   geuleohge   ttwimyeon   an   dwae !"
1:07:28,"(모탁)
말려지겠냐고, 지금 쟤가",He won't listen to us now.,"( motag ) 
 mallyeojigessnyago ,   jigeum   jyaega"
1:07:31,"카운터 할 거야, 말 거야?",Will you be a counter or not?,"ka-unteo   hal   geo-ya ,   mal   geo-ya ?"
1:07:32,"(소문)
저기, 조건이 있어요",On one condition.,"( somun ) 
 jeogi ,   jogeon-i   iss-eo-yo"
1:07:33,근데 나 잡아 보고 싶다며,You wanted to take me down.,geunde   na   jab-a   bogo   sipdamyeo
1:07:36,"[소문의 신음]
(모탁)
우리는 보통 사람들의 두세 배 되는 신체 능력을 가지고 있어","Our physical abilities
are thrice as strong as ordinary people's.","[ somun-ui   sin-eum ] 
 ( motag ) 
 ulineun   botong   salamdeul-ui   duse   bae   doeneun   sinche   neunglyeog-eul   gajigo   iss-eo"
1:07:40,"훈련하기에 따라
각자의 편차가 꽤 크다","But it can vary
depending on how hard you train.","hunlyeonhagi-e   ttala 
 gagja-ui   pyeonchaga   kkwae   keuda"
1:07:42,"(웅민)
소문아!",Mun!,"( ungmin ) 
 somun-a !"
1:07:45,"[탁]
(하나)
밟았어요",I just spotted one.,"[ tag ] 
 ( hana ) 
 balb-ass-eo-yo"
1:07:46,"- (소문) 들어가야겠어요
- (매옥) 기다려","-I should go in.
-Wait.","-   ( somun )   deul-eoga-yagess-eo-yo 
 -   ( mae-og )   gidalyeo"
1:07:48,"- (소문) 지금 아이가!
- (하나) 소문아!","-The kid is…
-Mun.","-   ( somun )   jigeum   a-iga ! 
 -   ( hana )   somun-a !"
1:07:49,"[소문의 힘주는 소리]
(소문)
저게 악귀예요?",Is that the evil spirit?,"[ somun-ui   himjuneun   soli ] 
 ( somun ) 
 jeoge   aggwi-ye-yo ?"